timestamp,dataset,channel,window,sensor_height_m,reference_height_m,wind_profile_alpha,wind_mean_roof_m_s,wind_median_roof_m_s,wind_max_raw_roof_m_s,wind_std_roof_m_s,wind_3s_gust_roof_m_s,wind_mean_10m_m_s,wind_median_10m_m_s,wind_max_raw_10m_m_s,wind_std_10m_m_s,wind_3s_gust_10m_m_s,wind_mean_roof_mph,wind_3s_gust_roof_mph,wind_max_raw_roof_mph,wind_mean_10m_mph,wind_3s_gust_10m_mph,wind_max_raw_10m_mph,n_samples
2023-03-01 00:30:00,01.03.2023,08N4S,30min,118.0,10.0,0.14,1.4123613162884887,1.4547075,3.942705,0.6852603026019076,2.936962906666667,0.9997290983540376,1.0297035189023813,2.790813419532115,0.4850562363590584,2.078906611728085,3.1593622858994435,6.569798914340247,8.819579903364342,2.2363303023309693,4.650381647566398,6.242871822503829,36920
2023-03-01 01:00:00,01.03.2023,08N4S,30min,118.0,10.0,0.14,1.613878578326661,1.528129,6.833188,0.8387788146976455,4.305331003333333,1.1423715428593963,1.0816743631532644,4.836819586701468,0.5937231347710341,3.047495447828415,3.610143562828067,9.630751170663316,15.28540622763062,2.555412363232362,6.817053167117957,10.819657271612076,180000
2023-03-01 01:30:00,01.03.2023,08N4S,30min,118.0,10.0,0.14,1.9512625060167332,1.9363065,6.29253,0.801389176482038,4.300894856666666,1.3811861619931907,1.3705996681281658,4.4541189784192365,0.5672571668420188,3.0443553555191123,4.364849915033847,9.620827793187772,14.075988725841073,3.0896254518458957,6.810028980670877,9.963580391954258,180000
2023-03-01 02:00:00,01.03.2023,08N4S,30min,118.0,10.0,0.14,1.882359587278278,1.849859,5.48756,0.6727236258751779,4.165369196666666,1.3324137607457698,1.3094084699317494,3.884327153182308,0.4761822461301944,2.948424559119446,4.210718475479322,9.317665525829145,12.275322118826043,2.9805246974449005,6.595437900678782,8.688992379165855,180000
2023-03-01 02:30:00,01.03.2023,08N4S,30min,118.0,10.0,0.14,1.611700554447389,1.58538,4.369602,0.5755968261914441,3.182641493333333,1.14082984540287,1.122199043311083,3.0929891786512984,0.4074317877637755,2.2528083103235965,3.6052714621675626,7.119366261035544,9.774521295633491,2.5519636842404902,5.039388668404603,6.918819744656619,180000
2023-03-01 03:00:00,01.03.2023,08N4S,30min,118.0,10.0,0.14,1.2023008766185277,1.175617,3.909625,0.5111432024140591,2.6147212066666667,0.8510394312489046,0.8321514543517929,2.7673979958780186,0.36180878574475545,1.8508103020389648,2.6894704648768037,5.84896476079694,8.745582050823183,1.90372098973001,4.140144734339126,6.190493011538152,180000
2023-03-01 03:30:00,01.03.2023,08N4S,30min,118.0,10.0,0.14,1.0858054163254334,1.072583,3.147192,0.4563772129081021,2.2392231799999998,0.7685790153921417,0.7592196296608583,2.2277156590320897,0.32304310115836626,1.5850169109967331,2.4288775418875987,5.008999597351461,7.04006800286327,1.7192622928421188,3.5455818517285507,4.983258006066766,180000
2023-03-01 04:00:00,01.03.2023,08N4S,30min,118.0,10.0,0.14,1.0199509563054112,1.01522,3.132988,0.46209216847843815,2.0679883733333333,0.7219644422095376,0.7186156711641863,2.2176614668439765,0.3270883885176091,1.4638096696899856,2.2815653102751656,4.625958243855877,7.00829455977093,1.614988462351326,3.274448974789692,4.960767418673886,180000
2023-03-01 04:30:00,01.03.2023,08N4S,30min,118.0,10.0,0.14,0.5203916378616389,0.4253579,3.260712,0.397746782825631,2.02413644,0.3683552196668425,0.3010863190180344,2.308069918198141,0.2815420020228489,1.432769415849261,1.1640829408143305,4.527864262705793,7.294005010737286,0.8239871592404305,3.205013904458794,5.163005364616451,180000
2023-03-01 05:00:00,01.03.2023,08N4S,30min,118.0,10.0,0.14,0.37140972224835,0.2927383,2.366235,0.2995675609078762,1.7220684366666668,0.2628995161939304,0.20721255484521872,1.6749212512137157,0.21204659466995499,1.2189529022338783,0.8308198869191786,3.8521573833810505,5.293116947029343,0.5880894689377464,2.726719985312001,3.7466921331731253,180000
2023-03-01 05:30:00,01.03.2023,08N4S,30min,118.0,10.0,0.14,0.36194518523514996,0.31588,2.032035,0.2510598531249149,1.4180061563333333,0.2562001164401834,0.22359322925803587,1.4383603508147174,0.1777107866824361,1.0037247549776664,0.8096483205868592,3.1719894334585983,4.545532838224762,0.5731033384936094,2.245268331642952,3.2175204697895396,180000
2023-03-01 06:00:00,01.03.2023,08N4S,30min,118.0,10.0,0.14,0.20664110194599444,0.1536658,1.145141,0.17732174118949554,0.9693237409999998,0.14626931518786848,0.10877115502253858,0.8105792520760303,0.1255158311074363,0.6861283571187475,0.462242980373108,2.168315454992839,2.5616074624194676,0.3271951395576868,1.534825423046588,1.8132141465551839,180000
2023-03-01 06:30:00,01.03.2023,08N4S,30min,118.0,10.0,0.14,0.2587595036541111,0.2165637,1.404966,0.18791826330794628,0.9901511893333335,0.18316092510836152,0.15329294992740441,0.994494380580428,0.13301649781431424,0.7008709062831611,0.5788285246378642,2.214905130040561,3.142819434502502,0.40971932066115185,1.567803566309861,2.22462057216452,180000
2023-03-01 07:00:00,01.03.2023,08N4S,30min,118.0,10.0,0.14,0.3514026493742333,0.2892894,2.333377,0.25766871779801676,1.4476639006666667,0.24873766349061083,0.2047712774981627,1.6516629685527036,0.18238882072697263,1.024717761271193,0.7860653395092898,3.2383319180983023,5.219615694345019,0.5564103066629621,2.2922283493002684,3.6946648365978474,180000
2023-03-01 07:30:00,01.03.2023,08N4S,30min,118.0,10.0,0.14,0.3854126681960111,0.3301025,2.886199,0.26989229830762296,2.126616874,0.27281139381696223,0.2336605165289059,2.0429737707082243,0.19104118820588373,1.505309403103361,0.8621435849051778,4.757106464745879,6.456243289191117,0.6102617077151081,3.367281234572654,4.570002171412451,180000
2023-03-01 08:00:00,01.03.2023,08N4S,30min,118.0,10.0,0.14,0.44290279148505557,0.3888096,1.959161,0.2856613624480096,1.3923276500000001,0.3135053355563571,0.2752158858760454,1.3867770502292098,0.20220319901228534,0.9855484217068265,0.9907453281251232,3.1145482507158166,4.38251834287759,0.7012914628587079,2.2046090320929346,3.102131912645867,180000
2023-03-01 08:30:00,01.03.2023,08N4S,30min,118.0,10.0,0.14,0.40873520309191114,0.3457157,1.955471,0.2758611892648901,1.4427789729999998,0.2893200708204367,0.24471220010194492,1.3841651121009264,0.1952662217763043,1.0212600027816339,0.9143146096365218,3.2274046461166748,4.374264047959909,0.647190566437984,2.284493563845814,3.096289173454109,180000
2023-03-01 09:00:00,01.03.2023,08N4S,30min,118.0,10.0,0.14,0.4673719302023722,0.4479247,1.624274,0.26829304470241083,1.4788673433333333,0.33082562725880005,0.31706005488614963,1.1497298621624255,0.18990916883779477,1.0468048782453858,1.0454812325572023,3.3081320314364073,3.6333974588403684,0.7400358519568712,2.341635822846691,2.5718724547298324,180000
2023-03-01 09:30:00,01.03.2023,08N4S,30min,118.0,10.0,0.14,0.4183267293683778,0.3683381,1.891423,0.281608838889989,1.3289749433333333,0.2961093589477904,0.26072529200256217,1.3388292277539635,0.1993346513708326,0.9407046953998837,0.9357702428605434,2.9728322819732727,4.230992752326409,0.6623777714472755,2.1042964732459795,2.994875688426007,180000
2023-03-01 10:00:00,01.03.2023,08N4S,30min,118.0,10.0,0.14,0.8794148496285,0.59481305,6.829387,0.880499602470298,4.662975533333333,0.6224870396540026,0.4210338440367277,4.834129078076642,0.6232548736126086,3.300651378527327,1.9671949929055543,10.430779199475054,15.27690363278452,1.3924638503355449,7.3833468560471625,10.813638775225117,180000
2023-03-01 10:30:00,01.03.2023,08N4S,30min,118.0,10.0,0.14,1.65582815456025,1.171102,8.178427,1.3645344266332524,5.941797466666667,1.1720652278539332,0.8289555463167796,5.789036669561575,0.9658752022435461,4.205855651415781,3.703982092341285,13.291422393223561,18.294620168217588,2.6218352448414723,9.40823114579406,12.949706222176022,180000
2023-03-01 11:00:00,01.03.2023,08N4S,30min,118.0,10.0,0.14,1.2051592614406665,0.6949546,7.349017,1.2800370275401922,6.44391726,0.8530627169676718,0.491918270234667,5.201945178239215,0.9060643679801474,4.561277286422041,2.6958644896221036,14.414632381889747,16.43928283822475,1.9082469509835156,10.203286700120875,11.636419958480692,180000
2023-03-01 11:30:00,01.03.2023,08N4S,30min,118.0,10.0,0.14,1.146901232080111,0.788708,6.507388,1.0498510278091986,5.043715823333333,0.8118252188198433,0.5582808935723913,4.6062045617164475,0.7431289779274621,3.5701554653632805,2.5655449894419062,11.28247097202337,14.556612383679296,1.816001294783112,7.986210328747487,10.303786152730051,180000
2023-03-01 12:00:00,01.03.2023,08N4S,30min,118.0,10.0,0.14,1.1081099001822667,0.6562738,8.341532,1.208090486996191,6.033801576666667,0.784367072795216,0.4645383633640699,5.90448928972788,0.8551375624395072,4.2709800532769675,2.478771251302491,13.497229725900725,18.659475662133122,1.754579171428094,9.553910283815682,13.207966378238801,180000
2023-03-01 12:30:00,01.03.2023,08N4S,30min,118.0,10.0,0.14,0.6873091236213333,0.5749999,6.546291,0.615051660244886,4.410020813333333,0.48650647856465906,0.40700925814881506,4.633741751148591,0.4353595886876991,3.1215993248966374,1.5374667224886645,9.864935606060595,14.643635916249089,1.0882839982208719,6.982818819113802,10.36538509115199,180000
2023-03-01 13:00:00,01.03.2023,08N4S,30min,118.0,10.0,0.14,1.529367836223939,1.083152,8.321857,1.333492562950199,6.577263523333333,1.0825512638492005,0.7667008150478032,5.890562492255257,0.9439024577105537,4.655665413648179,3.4210984167500387,14.712919477749924,18.61546394058695,2.421598210113635,10.414426927452071,13.1768130195402,180000
2023-03-01 13:30:00,01.03.2023,08N4S,30min,118.0,10.0,0.14,1.9611224351578778,1.5658175,9.445006,1.4698684391284453,7.182688316666666,1.3881654370246073,1.1083518780984698,6.685574876223643,1.0404350730948393,5.084210698611706,4.386905948366758,16.06721617006679,21.127876700071557,3.1052376454559005,11.373055428175778,14.955205073871769,180000
2023-03-01 14:00:00,01.03.2023,08N4S,30min,118.0,10.0,0.14,1.5531099724364668,1.2309394999999999,8.898155,1.2144897675213973,6.79762912,1.0993569524184144,0.8713110606124859,6.298490600508225,0.859667243956409,4.811649506899014,3.474208062894741,15.205863278453812,19.904605851825316,2.459191464787073,10.763353406628063,14.089322209440358,180000
2023-03-01 14:30:00,01.03.2023,08N4S,30min,118.0,10.0,0.14,1.6555176096730446,1.164612,7.971209,1.3449549406831294,5.886527886666667,1.1718454110432461,0.8243616497171701,5.64235900152184,0.9520160136567398,4.166733504170196,3.7032874232127835,13.167787863874956,17.83108670365066,2.621343528640043,9.320717394797315,12.621597623304032,180000
2023-03-01 15:00:00,01.03.2023,08N4S,30min,118.0,10.0,0.14,2.985466751119894,2.503472,10.82392,2.0637073880911747,8.268543133333333,2.113239685087356,1.7720634064742105,7.661628548913003,1.4607794072020148,5.85282468165556,6.678298924301831,18.496204217370536,24.212419470293458,4.727182545381517,13.09239594142706,17.138574957303586,180000
2023-03-01 15:30:00,01.03.2023,08N4S,30min,118.0,10.0,0.14,2.2479463766812557,1.982859,8.196989,1.537035816007409,6.628824243333334,1.5911915586965402,1.403551497319741,5.802175638541846,1.087978984381274,4.692162272859492,5.028512832590492,14.82825752356238,18.336142179670702,3.5593941452588993,10.496068076367857,12.979097258728167,180000
2023-03-01 16:00:00,01.03.2023,08N4S,30min,118.0,10.0,0.14,1.3000080177460889,0.7606338,8.227436,1.2535696084949977,6.343859176666667,0.9202006798442004,0.5384087869596398,5.8237273133905845,0.8873296089120182,4.490451941462343,2.9080351148579267,14.190808823968013,18.404250178954886,2.0584302967166237,10.044854915583254,13.027306982351865,180000
2023-03-01 16:30:00,01.03.2023,08N4S,30min,118.0,10.0,0.14,1.125474224565911,0.6829109,7.297246,1.1490416053789136,5.783498603333333,0.7966582762991513,0.48339322979141325,5.165299473946706,0.8133402656024725,4.0938050181354955,2.5176141387032698,12.937317920842267,16.323474409448803,1.782073810619073,9.15758101766171,11.554445852600887,180000
2023-03-01 17:00:00,01.03.2023,08N4S,30min,118.0,10.0,0.14,0.5223737455272778,0.4404333,4.100117,0.3936262867247382,2.5919101033333334,0.3697582393379116,0.3117573249961166,2.9022362934208252,0.27862534053955224,1.834663637934752,1.1685167893863573,5.797937775888803,9.17170051896921,0.8271256248611112,4.1040256754088,6.492117692870486,180000
2023-03-01 17:30:00,01.03.2023,08N4S,30min,118.0,10.0,0.14,2.6396105252140334,1.4975049999999999,12.76051,2.5181636196736483,9.990997729999998,1.868428014803425,1.0599974002154458,9.032428890336393,1.7824627564990994,7.072050924276326,5.904640580740047,22.349225416070123,28.54444792412309,4.1795544354049365,15.819727371770576,20.204967990194127,180000
2023-03-01 18:00:00,01.03.2023,08N4S,30min,118.0,10.0,0.14,3.616331820263561,2.7904894999999996,13.94643,2.8395463108897543,11.643497066666665,2.5597926736777277,1.975226537025585,9.871873244020353,2.0099510234252973,8.24175987397894,8.089503892858708,26.04576115485561,31.19727541159624,5.726093131884674,18.43629177250119,22.082751530109928,180000
2023-03-01 18:30:00,01.03.2023,08N4S,30min,118.0,10.0,0.14,3.42626936621325,2.402227,17.82403,2.747653218481496,11.642216020000001,2.42525842693271,1.7003979116779908,12.61660258988258,1.9449052045128319,8.24085309494567,7.664346291636646,26.042895535075136,39.87121957766639,5.425148592816543,18.434263365572793,28.222536215735875,180000
2023-03-01 19:00:00,01.03.2023,08N4S,30min,118.0,10.0,0.14,5.639693436255895,5.175018,18.89528,3.7715437061314767,15.671105956666667,3.9920136363106384,3.663096701559017,13.374878665742624,2.669658213694307,11.0926718592375,12.615634923621798,35.05526565109755,42.267537580529655,8.929880181439321,24.81360025777892,29.918751489223805,180000
2023-03-01 19:30:00,01.03.2023,08N4S,30min,118.0,10.0,0.14,6.752199306078978,7.0598765,18.16819,3.9708568244379525,15.3657924,4.779492362416322,4.997279298461187,12.860213599701009,2.810740472006431,10.876558005649567,15.1042396789526,34.372298675733674,40.641083571939824,10.691419923085892,24.33016733547234,28.76747852474274,180000
2023-03-01 20:00:00,01.03.2023,08N4S,30min,118.0,10.0,0.14,6.993404455061422,7.4342965,23.20039,3.7820733985541617,16.152436966666667,4.950227572542478,5.262309616616164,16.42221767806079,2.6771115755148776,11.43337831380231,15.64380023054182,36.13197245585775,51.897794380815974,11.073343710948624,25.575738890932126,36.735454720071516,180000
2023-03-01 20:30:00,01.03.2023,08N4S,30min,118.0,10.0,0.14,7.831064726147445,8.420942,20.28148,3.9872792580899836,17.1542788,5.5431589548182965,5.960699047659311,14.3560896775113,2.8223649653980147,12.142524352553705,17.51759289134627,38.3730288117394,45.36837866857547,12.399693438659382,27.162053401381737,32.11365801161257,180000
2023-03-01 21:00:00,01.03.2023,08N4S,30min,118.0,10.0,0.14,8.892191663317394,9.799901,19.89436,4.195423551269192,16.463031033333333,6.294269498488418,6.936784573252676,14.082069762004236,2.9696983029425588,11.653229935792893,19.89126624757826,36.82675159568118,44.50241589119537,14.07987987313979,26.067532963029887,31.50069291786914,180000
2023-03-01 21:30:00,01.03.2023,08N4S,30min,118.0,10.0,0.14,7.651211615505244,8.1840735,18.00036,3.4581932198796683,15.4988735,5.415851313306987,5.793033501171698,12.741416424614343,2.4478554812939723,10.970758439048996,17.115272940911854,34.6699926181102,40.265658554044336,12.114914355106883,24.540887703670776,28.501736812397837,180000
2023-03-01 22:00:00,01.03.2023,08N4S,30min,118.0,10.0,0.14,6.616626521956944,7.3304465,15.12196,3.305416945448817,12.575994133333332,4.683528209569202,5.1888001925993,10.703963116091073,2.339713970106161,8.901820752824218,14.800971997935164,28.13169768551655,33.82686113099495,10.476754226845912,19.912805907355512,23.94408356319582,180000
2023-03-01 22:30:00,01.03.2023,08N4S,30min,118.0,10.0,0.14,6.305193451106556,6.740204,16.83901,3.079429698076344,13.144381233333334,4.463082704918116,4.771001577237972,11.919363756516267,2.179750634627036,9.304149191337611,14.104316059203983,29.403143417442106,37.66779259126695,9.983631677071651,20.8127889927917,26.6628573651491,180000
2023-03-01 23:00:00,01.03.2023,08N4S,30min,118.0,10.0,0.14,6.731368924017144,7.1403995,13.37996,2.423284730411238,10.754963843333334,4.764747736634746,5.054276884884971,9.47090181000174,1.7153034642406533,7.612818463607436,15.057643441341126,24.058168940885206,29.93011811023619,10.658437134562323,17.02938990606529,21.185803977276596,180000
2023-03-01 23:30:00,01.03.2023,08N4S,30min,118.0,10.0,0.14,3.3671944191076055,2.5531115,12.51999,2.514055441030898,9.998001850000001,2.3834426798401473,1.8072003448804226,8.862178657649476,1.7795548138338422,7.077008736764965,7.532199398504836,22.364893186292033,28.006420007158166,5.3316094305658215,15.830817682455612,19.82412906596606,180000
2023-03-02 00:00:00,01.03.2023,08N4S,30min,118.0,10.0,0.14,3.81602618145655,3.6972424999999998,15.63192,2.4734483882404596,11.293428333333333,2.7011447918357656,2.617064676222153,11.064934381104457,1.750811423736129,7.993966412701653,8.536207456729926,25.262679700548766,34.96760916249101,6.042288814951151,17.88199358603625,24.75155328629305,180000
2023-03-02 00:30:00,01.03.2023,08N4S,30min,118.0,10.0,0.14,5.659268969999344,6.01572,15.99017,3.034928822781272,14.264173466666668,4.0058700273583385,4.258181148259312,11.318518889087526,2.1482510322082877,10.096785513830545,12.659424145488854,31.908047303746088,35.7689915891195,8.960876045450819,22.58586594897668,25.318805675303135,180000
2023-03-02 01:00:00,01.03.2023,08N4S,30min,118.0,10.0,0.14,5.228472492406761,5.614394,10.02512,1.8446533162263996,8.219090066666668,3.700934053007595,3.9741056248795146,7.096204110736104,1.3057236666981307,5.817819708650898,11.695759870272806,18.385580857790487,22.425554760200402,8.278753697672672,13.014092046910548,15.87375651113121,180000
2023-03-02 01:30:00,01.03.2023,08N4S,30min,118.0,10.0,0.14,5.258557637567073,5.7214335,12.55014,2.084152738720638,9.524017226666667,3.7222295916902937,4.049872711947913,8.883520103331792,1.4752514914446213,6.741502365517168,11.763058423333632,21.30461978048196,28.07386363636361,8.326390461010847,15.08031130439594,19.87186852033774,180000
2023-03-02 02:00:00,01.03.2023,08N4S,30min,118.0,10.0,0.14,4.691925553131333,5.12815,10.97032,2.145032147180041,8.813954303333333,3.321143427450079,3.6299215481182623,7.765256663270913,1.5183445126322777,6.23888978477606,10.495538549416892,19.716254257635384,24.539906943450223,7.429186263981021,13.955998981693032,17.370384447187956,180000
2023-03-02 02:30:00,01.03.2023,08N4S,30min,118.0,10.0,0.14,5.075832024458128,5.352659,11.40847,1.8487423988508822,9.24052152,3.5928886713940313,3.788838517560748,8.075397771917894,1.3086180923936828,6.540832109298385,11.354312867882342,20.670457945597686,25.520020579813856,8.037063062352424,14.631424725524289,18.064150348778377,180000
2023-03-02 03:00:00,01.03.2023,08N4S,30min,118.0,10.0,0.14,4.179024274716956,4.322234,10.57489,2.1077808458770084,9.354058420000001,2.9580902011260144,3.0594601040549496,7.48535457815788,1.491976465423182,6.621198330999497,9.348211065490675,20.92443275769504,23.655355225483152,6.61705932606928,14.811198843502796,16.744261314776914,180000
2023-03-02 03:30:00,01.03.2023,08N4S,30min,118.0,10.0,0.14,1.962191757853622,1.8765425,5.317298,1.213852827272562,4.802357073333334,1.3889223488729687,1.3282961802423319,3.7638085055948323,0.8592163906985848,3.399311529937857,4.389297955112786,10.742566824743488,11.894456871868277,3.1069308090393863,7.604043329316959,8.419399842508115,180000
2023-03-02 04:00:00,01.03.2023,08N4S,30min,118.0,10.0,0.14,1.9811350694720167,1.846586,7.071855,1.2856640172602152,5.303543633333334,1.402331226350486,1.3070917020472315,5.005758187585752,0.9100473893885991,3.7540725829045734,4.431672936363669,11.863689229897387,15.819289101646367,3.1369256137045554,8.39762120370564,11.197562159059025,180000
2023-03-02 04:30:00,01.03.2023,08N4S,30min,118.0,10.0,0.14,0.9998233206614481,0.72885115,3.815296,0.8012431444632004,3.12255575,0.7077172500765667,0.5159116825279635,2.7006279385059746,0.5671537992002974,2.2102770788930868,2.236541071629937,6.984958281138145,8.534574087329984,1.5831184012092117,4.944249013271931,6.041132646980072,179996
2023-03-02 05:00:00,01.03.2023,08N4S,30min,118.0,10.0,0.14,1.5156902789726054,1.3565225,5.034554,1.05258159037016,4.31318589,1.0728697101130116,0.9602040215783968,3.563670339160319,0.7450617856414563,3.053055468960667,3.390502592547879,9.648322051717956,11.261976556907646,2.399941191197679,6.829490580173281,7.9717035145855295,180000
2023-03-02 05:30:00,01.03.2023,08N4S,30min,118.0,10.0,0.14,1.0752645930893,0.9794227,4.360368,0.6230309190066967,3.3509083866666667,0.7611177747108537,0.6932768275978995,3.086452962749789,0.4410076456512255,2.371914736997072,2.4052983918425617,7.495768581484124,9.75386542591266,1.7025719727783932,5.305822156847418,6.90419864609383,180000
2023-03-02 06:00:00,01.03.2023,08N4S,30min,118.0,10.0,0.14,2.93202000982935,2.7352499999999997,8.339288,1.1305464458523276,6.42859494,2.075407820206795,1.936125681676721,5.902900891581574,0.8002486091373848,4.550431500020481,6.558741969016971,14.380357328203276,18.65445597709375,4.642555073834092,10.179025366903355,13.204413232779096,180000
2023-03-02 06:30:00,01.03.2023,08N4S,30min,118.0,10.0,0.14,4.343008839477328,4.335984,8.430075,0.9710250456074431,7.1873570933333335,3.074165414445139,3.069192935833783,5.967163771487391,0.6873326125041147,5.08751545627786,9.715034089739897,16.077659926031956,18.857540712240496,6.8767121833507865,11.380447960535644,13.348165201072351,180000
2023-03-02 07:00:00,01.03.2023,08N4S,30min,118.0,10.0,0.14,3.7418459457527775,3.73024,7.992441,0.9258395265691437,6.0542160733333334,2.6486368823507433,2.640421702885576,5.657387909472982,0.6553483902758198,4.2854302977792385,8.370270995331007,13.542895654378416,17.87858133500356,5.924831966604198,9.586234560171873,12.655216332929886,180000
2023-03-02 07:30:00,01.03.2023,08N4S,30min,118.0,10.0,0.14,4.121779296851334,4.1363035,9.235082,0.9512682169028436,6.492107683333333,2.917569783689712,2.927850629214627,6.536981786889833,0.6733478932121074,4.595388507051431,9.220157696965215,14.522431288773545,20.658290085898333,6.526417733736822,10.279591327513032,14.622811799592489,180000
2023-03-02 08:00:00,01.03.2023,08N4S,30min,118.0,10.0,0.14,3.2263860141278333,3.22816,7.473385,0.8118861253556449,5.262387583333333,2.2837725330245826,2.285028235284352,5.2899781107970325,0.574687351393134,3.724940589353208,7.21721996717929,11.771625768014781,16.71748613099497,5.1086536619196945,8.332454790070695,11.833344020215252,180000
2023-03-02 08:30:00,01.03.2023,08N4S,30min,118.0,10.0,0.14,2.9342372545605557,2.904038,6.76215,0.7105971759185928,5.6458712533333335,2.076977279841801,2.0556009696975055,4.786535884599301,0.5029907473258161,3.9963865566288286,6.563701804224571,12.629454306847993,15.12649874731566,4.646065855050552,8.939662125601343,10.707175833480887,180000
2023-03-02 09:00:00,01.03.2023,08N4S,30min,118.0,10.0,0.14,3.444915104124722,3.491498,6.496651,0.624679124814282,4.9784858666666665,2.4384566691497707,2.471430013827953,4.598604458821224,0.44217431545938,3.5239829420776605,7.706055619462952,11.136555714626567,14.532594398711508,5.454672219823211,7.882925335714156,10.286785206740378,180000
2023-03-02 09:30:00,01.03.2023,08N4S,30min,118.0,10.0,0.14,3.246690882052961,3.25413,6.638357,0.6041968336963294,4.650244853333333,2.2981451776650705,2.3034109001059018,4.698909961370417,0.4276760831760249,3.291640064573133,7.262640663146379,10.402301479360522,14.84958169291337,5.140804352328803,7.36318912082393,10.511162225685423,180000
2023-03-02 10:00:00,01.03.2023,08N4S,30min,118.0,10.0,0.14,2.798721838605017,2.814178,5.477065,0.6410748395510809,4.307774086666667,1.981053734610242,1.9919942596141602,3.8768983481263906,0.4537798960722534,3.0492247655815063,6.260562452140779,9.636216192436162,12.25184547244093,4.431490995459556,6.820921540760342,8.672374615529677,180000
2023-03-02 10:30:00,01.03.2023,08N4S,30min,118.0,10.0,0.14,3.0297758059589,3.014888,6.987002,0.6705511811678775,4.873511266666667,2.1446035088711497,2.1340652898926846,4.945695643954525,0.47464449784765095,3.4496774785976347,6.777415457137832,10.901734222142675,15.629478346456676,4.797341421061085,7.716708747757764,11.063206075417233,180000
2023-03-02 11:00:00,01.03.2023,08N4S,30min,118.0,10.0,0.14,3.7090209960551053,3.695026,7.213153,0.7244321091636904,5.304284926666667,2.6254019940921163,2.615495743739405,5.105774890471981,0.5127836984491563,3.754597301690908,8.296843674067423,11.865347455857778,16.13536372584107,5.872857001816646,8.398794966201915,11.421293151556853,180000
2023-03-02 11:30:00,01.03.2023,08N4S,30min,118.0,10.0,0.14,3.264749554045,3.2498555,5.906187,0.6075323062129226,4.657610446666666,2.3109278697848996,2.300385228146729,4.180649056387968,0.43003707175107403,3.29685374318147,7.303036761911677,10.41877784240037,13.2117640479599,5.169398420241806,7.374851787718026,9.351845598577226,180000
2023-03-02 12:00:00,01.03.2023,08N4S,30min,118.0,10.0,0.14,3.493240474417111,3.5018735,6.490644,0.7301592056310128,5.36582836,2.4726634109465464,2.478774231727683,4.594352450057918,0.5168375796489819,3.7981603477800134,7.8141563940969645,12.003016195418741,14.519157122405137,5.531190521981352,8.496242724991072,10.277273734023606,180000
2023-03-02 12:30:00,01.03.2023,08N4S,30min,118.0,10.0,0.14,3.47202394720275,3.511748,6.764208,0.791617030418425,5.485165826666667,2.4576454552877522,2.485763820629508,4.787992624075726,0.5603400283870852,3.882632455996657,7.766696374379801,12.269966505607242,15.131102362204707,5.497596311935732,8.685201449527229,10.71043446688377,180000
2023-03-02 13:00:00,01.03.2023,08N4S,30min,118.0,10.0,0.14,3.2742241603791666,3.349478,6.408887,0.8366608802567154,4.893800533333333,2.3176343970300715,2.3709022487930462,4.536481386222128,0.5922239711614217,3.464039080007275,7.324230852673503,10.94712001908851,14.336271921975646,5.184400494430183,7.748834735163008,10.147819851069531,180000
2023-03-02 13:30:00,01.03.2023,08N4S,30min,118.0,10.0,0.14,3.5513632093273886,3.561758,7.191977,0.8290359391547337,5.63328259,2.513805141957999,2.521163014612015,5.090785621690265,0.5868267152291233,3.9874757680801958,7.944173249211222,12.601294268969207,16.087994362920526,5.623221953198811,8.919729259306083,11.387763112227674,180000
2023-03-02 14:00:00,01.03.2023,08N4S,30min,118.0,10.0,0.14,4.0846315012894445,4.041169,8.008036,0.9481380500243597,6.35032994,2.891275002223648,2.8605104048609205,5.668426710315957,0.6711322286544376,4.495032221535359,9.137060444903007,14.205283509305639,17.91346635647815,6.467597982783744,10.055100710306357,12.679909427156296,180000
2023-03-02 14:30:00,01.03.2023,08N4S,30min,118.0,10.0,0.14,4.221759306717222,4.256508,7.790953,0.9080880513129654,5.873209536666667,2.9883398649457718,3.012936460309813,5.5147661778763535,0.6427831450034917,4.157306212524986,9.443806609514176,13.137995563409673,17.427865515390103,6.68472589689014,9.299629143980363,12.336180605485746,180000
2023-03-02 15:00:00,01.03.2023,08N4S,30min,118.0,10.0,0.14,4.294655838674611,4.3567985,7.933771,0.8686543978366903,6.141642503333333,3.0399391146040733,3.0839263196200037,5.615858801075587,0.614870336588262,4.347314424049346,9.606871507414564,13.738463008530168,17.747340282748727,6.800150131093571,9.724665408127553,12.562318363179092,180000
2023-03-02 15:30:00,01.03.2023,08N4S,30min,118.0,10.0,0.14,3.447983370524811,3.423251,7.051235,0.837795986757416,5.404344346666666,2.4406285179297496,2.4231218996163117,4.991162479129057,0.593027447570322,3.825423592799829,7.712919135927002,12.08917400381769,15.773163475304207,5.459530507179999,8.55722886721507,11.164912489104,180000
2023-03-02 16:00:00,01.03.2023,08N4S,30min,118.0,10.0,0.14,2.975340207797111,2.974075,5.403096,0.64767825681711,4.42471536,2.106071689257413,2.105176121646173,3.824539960210132,0.4584540742115775,3.1320007467710296,6.655646492030037,9.89780637079455,12.08638153185396,4.7111481953682235,7.0060861371935985,8.555252237406334,180000
2023-03-02 16:30:00,01.03.2023,08N4S,30min,118.0,10.0,0.14,3.5313052593684553,3.5098005,8.012913,0.8517063815583401,5.95827316,2.4996072763013766,2.4843852977284695,5.67187885726762,0.6028738135757443,4.217517844263271,7.899304893003873,13.328277469577651,17.924375894774496,5.591462232241799,9.434318728219546,12.687631659957976,180000
2023-03-02 17:00:00,01.03.2023,08N4S,30min,118.0,10.0,0.14,4.132911870967389,4.1759855,8.011484,0.8332323191373374,5.8592290233333335,2.925449890681491,2.955939227807185,5.670867350604933,0.5897970905346321,4.147410213655527,9.245060556029403,13.10672204575279,17.92117931281315,6.544045031052004,9.27749242496314,12.685368983994557,180000
2023-03-02 17:30:00,01.03.2023,08N4S,30min,118.0,10.0,0.14,3.8079887788729,3.857667,7.210798,0.8316612745361128,5.45249237,2.695455578215007,2.7306199250733174,5.104107921829133,0.588685038693122,3.859504800915225,8.518228299196707,12.196878064602707,16.13009574087328,6.029562406529626,8.633466358525459,11.417564248901948,180000
2023-03-02 18:00:00,01.03.2023,08N4S,30min,118.0,10.0,0.14,3.241204101389222,3.296046,7.175937,0.8030480839095816,4.8774210700000005,2.2942614021590684,2.3330808184216543,5.079431831018812,0.568431411709578,3.452445002825392,7.25036708435312,10.910480203113805,16.052113904795974,5.132116593949235,7.722899523141974,11.362365405822311,180000
2023-03-02 18:30:00,01.03.2023,08N4S,30min,118.0,10.0,0.14,3.499840506306666,3.5336375,6.819689,0.7510468219153242,5.181905803333334,2.4773351927731633,2.501258134900256,4.827264423342743,0.5316227182348751,3.6679721801894916,7.828920244959427,11.591593153483643,15.25520982462418,5.541641000297871,8.205020088111775,10.798282979918435,180000
2023-03-02 19:00:00,01.03.2023,08N4S,30min,118.0,10.0,0.14,3.2826671935396114,3.35658,6.924623,0.7410694475029465,4.992814226666667,2.323610733135797,2.375929344887103,4.9015411484249345,0.5245603104712305,3.5341251615355933,7.343117379965121,11.16860734311619,15.489940497494615,5.1977691775585955,7.905612834501587,10.964435281909738,180000
2023-03-02 19:30:00,01.03.2023,08N4S,30min,118.0,10.0,0.14,2.937242986719389,2.964803,6.817612,0.6987211917011827,4.583926303333333,2.0791048642399215,2.0986130077368386,4.825794234862404,0.4945844232097334,3.2446969888665023,6.570425435574861,10.253951108029097,15.25056370794558,4.650825125805116,7.25818045111511,10.794994261950606,180000
2023-03-02 20:00:00,01.03.2023,08N4S,30min,118.0,10.0,0.14,2.3762394862885556,2.401949,6.144241,0.7431133529524017,4.049360673333333,1.6820028499104547,1.7002011315154808,4.3491537499354935,0.5260070732284224,2.8663088178456833,5.315496345491574,9.058161849797173,13.744275680028618,3.7625332183036257,6.411750218874553,9.728779862955191,180000
2023-03-02 20:30:00,01.03.2023,08N4S,30min,118.0,10.0,0.14,1.8160299664720223,1.818067,5.908597,0.7362988040171807,4.250344146666667,1.2854628486540525,1.2869047471744635,4.182354956357931,0.5211834471604125,3.0085734241205238,4.062343339459602,9.507749075399657,13.217155064423752,2.8754984982418823,6.729987079725573,9.355661588130651,180000
2023-03-02 21:00:00,01.03.2023,08N4S,30min,118.0,10.0,0.14,2.003075408023183,2.013983,5.204037,0.652779770692857,3.8574163833333333,1.4178615262987886,1.4255823814131534,3.6836375775873784,0.46206514158394346,2.730442527992762,4.480752075928733,8.62879470144356,11.641099230493902,3.171665905285404,6.107825984235771,8.240062584080562,180000
2023-03-02 21:30:00,01.03.2023,08N4S,30min,118.0,10.0,0.14,2.4854429255316446,2.461342,6.32294,0.7709811231309396,5.005185866666666,1.7593016647339508,1.742242009903864,4.475644463102461,0.5457330600792522,3.5428823317863776,5.559777481951596,11.19628191362442,14.144013958482446,3.9354457425150966,7.9252020664512655,10.011731529846225,180000
2023-03-02 22:00:00,01.03.2023,08N4S,30min,118.0,10.0,0.14,2.9007210252014834,2.929377,6.373915,0.8558839469723801,4.802806586666667,2.0532530745899713,2.073536986020696,4.511726724915265,0.605830871133557,3.3996297144946332,6.4887281343984435,10.743572357432582,14.25804178596992,4.5929963193225865,7.604755087899583,10.092445250794695,180000
2023-03-02 22:30:00,01.03.2023,08N4S,30min,118.0,10.0,0.14,2.7411979842206557,2.7718355,5.637869,0.7550643170896723,4.723092876666667,1.9403359165743792,1.962022446552686,3.990722223134651,0.5344664713042718,3.343204977774871,6.131885254609549,10.565257866559282,12.611553775948448,4.340407830561867,7.478536546561532,8.926991372437918,180000
2023-03-02 23:00:00,01.03.2023,08N4S,30min,118.0,10.0,0.14,3.2108177900227446,3.1984265,6.702794,0.9259525242174114,5.163362196666667,2.2727526852929456,2.2639816059246463,4.744521196376432,0.6554283747923283,3.654846230788799,7.182394841675781,11.550112286745396,14.993723156764478,5.084002964595882,8.175658175529696,10.613191652595802,180000
2023-03-02 23:30:00,01.03.2023,08N4S,30min,118.0,10.0,0.14,3.0202696768683,3.026941,6.122546,0.804141399701421,4.724408966666666,2.1378746684852086,2.1425969132694327,4.333797110994271,0.5692053068865318,3.344136561962202,6.7561508519781155,10.56820187604389,13.695745347172497,4.782289433798332,7.480620441039276,9.694428039983595,180000
2023-03-03 00:00:00,01.03.2023,08N4S,30min,118.0,10.0,0.14,2.3020980964910054,2.304997,5.064854,0.6762539277721947,3.9475366333333333,1.6295224372014732,1.6315744037611908,3.585117961189313,0.4786811431841699,2.7942334540375935,5.149646779910081,8.830387959317575,11.329755726556897,3.645137878492912,6.250522221809213,8.019680478680451,180000
2023-03-03 00:30:00,01.03.2023,08N4S,30min,118.0,10.0,0.14,2.5417942641976388,2.563227,6.172038,0.9040033861517197,4.70060226,1.7991895265338207,1.8143605237792437,4.368829642659583,0.6398918461753267,3.3272851676934962,5.685831836519408,10.514947789906932,13.806455798138852,4.024672348187676,7.442924945627891,9.772793581468276,180000
2023-03-03 01:00:00,01.03.2023,08N4S,30min,118.0,10.0,0.14,2.193572040294894,2.194471,4.920496,0.6159744543780195,3.7151120266666666,1.5527031027595093,1.5533394244748362,3.482935260830849,0.4360127814196469,2.6297134832777203,4.906880906171465,8.31046892149844,11.006836077308506,3.4732979213482182,5.882501528448723,7.791104287828483,180000
2023-03-03 01:30:00,01.03.2023,08N4S,30min,118.0,10.0,0.14,2.294518727878111,2.2880115,6.005484,0.6944214737956842,4.919166383333333,1.6241574394051772,1.6195513481845085,4.250935674361993,0.4915409009500493,3.4819941018965213,5.13269221518904,11.003861809532317,13.433885110952025,3.6331367202155858,7.788998975251694,9.509072285169086,180000
2023-03-03 02:00:00,01.03.2023,08N4S,30min,118.0,10.0,0.14,2.7049291427280497,2.688587,6.218024,0.8301128617088055,4.959144656666666,1.914663295988145,1.9030956359097597,4.401380479181871,0.5875890065787678,3.5102924152900896,6.05075416680397,11.093290660045321,13.909323550465267,4.282979813860377,7.852300499485697,9.845607729021712,180000
2023-03-03 02:30:00,01.03.2023,08N4S,30min,118.0,10.0,0.14,2.8313317232248,2.8073825,6.394665,0.8458758153812309,4.91512832,2.0041363907070804,1.9871841171884828,4.526414452872413,0.5987466921374053,3.4791357898139315,6.3335086865264785,10.994828919112372,14.304458214030047,4.483125426599584,7.782605113220131,10.12530076250986,180000
2023-03-03 03:00:00,01.03.2023,08N4S,30min,118.0,10.0,0.14,3.1530526270678054,3.1930769999999997,7.715446,0.8856374237232827,5.701647966666666,2.231864058840775,2.2601950034809466,5.461319128485488,0.6268916408827916,4.03586767430516,7.053177852245441,12.75422326115484,17.25896116678595,4.9925377121527665,9.027978870582398,12.216622961000093,180000
2023-03-03 03:30:00,01.03.2023,08N4S,30min,118.0,10.0,0.14,3.1229657033049163,3.165717,7.130803,0.8751502969768115,5.095541393333333,2.2105672611879177,2.2408284378468455,5.047484076145657,0.6194684088488489,3.606839796610711,6.98587532056396,11.398401470412775,15.95115202219039,4.94489813257855,8.06827084066461,11.290900313496893,180000
2023-03-03 04:00:00,01.03.2023,08N4S,30min,118.0,10.0,0.14,2.7556719289438,2.70318,7.017654,0.8698220025984652,5.337434953333334,1.9505811870592156,1.913425178756925,4.967392426477057,0.6156968166413908,3.7780622931825825,6.1642625468499395,11.939501953591018,15.698044917680727,4.3633258479313115,8.45128465726239,11.111740395662695,180000
2023-03-03 04:30:00,01.03.2023,08N4S,30min,118.0,10.0,0.14,2.7328911644013334,2.697265,7.101209,0.8572605164235748,5.880959836666666,1.9344559980348486,1.9092382914862482,5.026536190788361,0.6068052652354013,4.162792202789386,6.11330342788415,13.155332490753981,15.884952129563333,4.327254827386468,9.311900954700656,11.244041228499364,180000
2023-03-03 05:00:00,01.03.2023,08N4S,30min,118.0,10.0,0.14,2.8422230833918776,2.686148,12.16467,1.229904011048293,8.755278303333332,2.0118457562597243,1.9013692085127727,8.610668127638188,0.8705780977197002,6.197356429324798,6.357871965354049,19.5849997837628,27.211591803865392,4.500370786193008,13.863091511553309,19.26151603354997,180000
2023-03-03 05:30:00,01.03.2023,08N4S,30min,118.0,10.0,0.14,3.148019331231661,3.097386,7.640958,1.0648083323300297,5.665645643333334,2.2283012790832264,2.1924608648810646,5.408593370409723,0.7537163909286285,4.01038370654876,7.041918690120923,12.673688357492232,17.092336256263405,4.984568000812509,8.970972858242563,12.098678799234335,180000
2023-03-03 06:00:00,01.03.2023,08N4S,30min,118.0,10.0,0.14,3.5527755087128887,3.6025435,8.281674,1.0351455550552238,6.190205716666667,2.514804827219121,2.5500327171949695,5.862119264664794,0.7327198221061778,4.381689521213924,7.947332472961893,13.847095822894284,18.52557712956333,5.6254581854400465,9.801560310517894,13.11318733147993,180000
2023-03-03 06:30:00,01.03.2023,08N4S,30min,118.0,10.0,0.14,3.511898555925722,3.5322,6.968608,0.9706831135932928,5.245499379999999,2.485870390483934,2.500240611577923,4.932675592482534,0.6870905785569495,3.7129864044739294,7.855893333763685,11.733847933070852,15.588332140300626,5.560733693816954,8.30571404007231,11.03408104975512,180000
2023-03-03 07:00:00,01.03.2023,08N4S,30min,118.0,10.0,0.14,3.2470454567098885,3.2330555,7.630871,0.8410347272958204,5.1327413900000005,2.2983961606097187,2.2884934773187724,5.401453365016771,0.5953199651583642,3.6331715282274275,7.263433824064704,11.481615493020747,17.06977227988545,5.141365785186373,8.12717324675068,12.082707062045376,180000
2023-03-03 07:30:00,01.03.2023,08N4S,30min,118.0,10.0,0.14,3.406180863933361,3.45839,6.523094,0.8228528438824703,5.06409648,2.41103893505061,2.4479947705891436,4.617321933055965,0.5824500587813093,3.5845817564817413,7.619409591833744,11.328061202576938,14.591745705082303,5.3933404953709,8.018481022910114,10.328655004151665,180000
2023-03-03 08:00:00,01.03.2023,08N4S,30min,118.0,10.0,0.14,3.8480140791585113,3.777061,10.40214,1.110290574510011,8.27349542,2.7237871792751642,2.673563587737705,7.363074818900168,0.7859106463513146,5.856330119695358,8.607762346005966,18.50728216714386,23.26892448103075,6.092938393153099,13.100237382997834,16.470729283509662,180000
2023-03-03 08:30:00,01.03.2023,08N4S,30min,118.0,10.0,0.14,2.453329869385878,2.353116,7.020917,0.8422880560972937,5.465904,1.7365706848524245,1.6656350679332417,4.969702115938462,0.5962071243138773,3.8689981200912227,5.487942621210351,12.226879026485312,15.7053440408017,3.884597988664152,8.654702308722303,11.11690702384229,180000
2023-03-03 09:00:00,01.03.2023,08N4S,30min,118.0,10.0,0.14,1.1513138756327057,0.9254348,6.312037,0.8691675570527215,4.80782556,0.8149486746305603,0.6550619076857179,4.46792685838358,0.6152335723937449,3.4031823561786907,2.575415791948605,10.75479948103077,14.119624642090178,1.822988266442733,7.6127021210153165,9.994467739762827,180000
2023-03-03 09:30:00,01.03.2023,08N4S,30min,118.0,10.0,0.14,1.9004194379581778,1.456052,9.91127,1.4395418285238404,6.834219326666666,1.3451972871907387,1.0306552128897735,7.015616263607361,1.01896861495398,4.837549603352791,4.2511172108942725,15.287713239680249,22.17087956335001,3.0091206316900885,10.821290272353224,15.693486631190394,180000
2023-03-03 10:00:00,01.03.2023,08N4S,30min,118.0,10.0,0.14,2.1867729958313054,2.117657,6.909808,1.0628090592759307,5.441281446666667,1.5478904514125331,1.4989672251832482,4.891054464584685,0.7523012208693194,3.8515692350324087,4.891671876859571,12.171799943330935,15.456800286327828,3.462532326889163,8.615715003204198,10.940977238244184,180000
2023-03-03 10:30:00,01.03.2023,08N4S,30min,118.0,10.0,0.14,3.0857399953865,3.008305,9.030775,1.2514254817750023,7.836654363333333,2.1842173300593397,2.1294055639581346,6.392364647817966,0.885811905299057,5.547115536522658,6.902603783523839,17.5300965536268,20.201268342877572,4.8859550153439,12.408544059866347,14.29931247274955,180000
2023-03-03 11:00:00,01.03.2023,08N4S,30min,118.0,10.0,0.14,3.3093756046458056,3.255103,8.421878,1.1956178650867353,6.907091116666667,2.3425160765813624,2.304099630674688,5.961361588062583,0.8463089129205452,4.889131339606791,7.402862394071676,15.450722791398217,18.839204545454525,5.240059226425733,10.936675330186974,13.335186086396241,180000
2023-03-03 11:30:00,01.03.2023,08N4S,30min,118.0,10.0,0.14,3.4070619688065724,3.304687,9.37052,1.24392346932938,7.091274863333333,2.411662618360463,2.339197283832629,6.632850533832501,0.8805016634709871,5.019504388530572,7.621380567301737,15.862730098723437,20.961256263421596,5.394735635201459,11.228311534830365,14.837264078902322,180000
2023-03-03 12:00:00,01.03.2023,08N4S,30min,118.0,10.0,0.14,3.0884499651398554,2.957822,9.595891,1.2540979223685584,6.529920766666667,2.1861355613128044,2.0936715605624356,6.792377663347231,0.887703571825312,4.622154207351239,6.908665813215489,14.607016747196358,21.465396832498186,4.890245976451329,10.339464493895925,15.194116104481083,180000
2023-03-03 12:30:00,01.03.2023,08N4S,30min,118.0,10.0,0.14,3.4194767325678894,3.316527,11.08376,1.3934866667193064,8.564237416666666,2.4204503134341255,2.3475781367970936,7.84555429505207,0.9863688227801257,6.062129606575278,7.649151602916709,19.157653491111883,24.793664996420873,5.414393149235242,13.5605977240857,17.550005133885247,180000
2023-03-03 13:00:00,01.03.2023,08N4S,30min,118.0,10.0,0.14,3.820668366711322,3.763784,15.28459,1.2819489196742417,7.560873673333334,2.704430726975466,2.664165565372063,10.819079511159563,0.9074176861270551,5.351906295532062,8.546591729400765,16.913192719517998,34.19065408017176,6.0496392425184835,11.97187342415009,24.201591605135,180000
2023-03-03 13:30:00,01.03.2023,08N4S,30min,118.0,10.0,0.14,3.54001722235905,3.4589185000000002,9.997885,1.261860118919789,7.387933443333333,2.5057739723196226,2.4483688652506066,7.076926025390902,0.8931979829720299,5.229491883431494,7.918792999192569,16.52633644267476,22.364631800286304,5.605256738367081,11.698040183051825,15.830632662381205,180000
2023-03-03 14:00:00,01.03.2023,08N4S,30min,118.0,10.0,0.14,2.6734428161925723,2.592144,8.238952,1.0199196935694912,7.011677233333333,1.8923759418424557,1.8348291998918644,5.831878825446224,0.72194231312229,4.9631618181462915,5.980321260273285,15.684675271414918,18.43001073729418,4.233124422518015,11.10227679435014,13.045541395504245,180000
2023-03-03 14:30:00,01.03.2023,08N4S,30min,118.0,10.0,0.14,3.0510269966798336,3.047338,8.61161,1.0287234735209203,5.855443693333333,2.1596460008265503,2.157034772890732,6.095661925448887,0.7281740010702993,4.144730796919717,6.824953016910858,13.098254503698387,19.263622942018593,4.830990517239057,9.271498740425269,13.635607385130816,180000
2023-03-03 15:00:00,01.03.2023,08N4S,30min,118.0,10.0,0.14,2.7190720969059887,2.7074730000000002,7.262032,0.978425869138129,5.17304365,1.9246742773604821,1.9164639457988548,5.140373514800534,0.6925712285367693,3.6616991730919235,6.082391054281464,11.57176908106656,16.244702934860396,4.3053737414112385,8.190987770874909,11.49868806997255,180000
2023-03-03 15:30:00,01.03.2023,08N4S,30min,118.0,10.0,0.14,2.760108667049539,2.8566695,8.530132,1.2870708670243227,6.0918181166666665,1.9537216980141172,2.022071541180001,6.037988349617919,0.9110432171771191,4.312046615037692,6.174187247337008,13.62700902976615,19.08136184681458,4.370350970861925,9.645773566208142,13.506595270261972,180000
2023-03-03 16:00:00,01.03.2023,08N4S,30min,118.0,10.0,0.14,1.7986229152187,1.69839,6.408368,0.8240715177597341,4.5537491900000004,1.2731414012639346,1.2021923028984285,4.536114016062622,0.5833126877151761,3.223336351219657,4.023404874773394,10.186446828024328,14.33511095204007,2.8479362054042885,7.210398065541458,10.146998067427113,180000
2023-03-03 16:30:00,01.03.2023,08N4S,30min,118.0,10.0,0.14,1.3594141282399668,1.332537,3.523281,0.5783953463503186,2.5587373433333336,0.962250838394871,0.9432260698233993,2.493927366004438,0.40941269874093916,1.8111825548278704,3.040922799391476,5.723732425137193,7.881355136005718,2.15249382246526,4.051499988430271,5.578756634762963,180000
2023-03-03 17:00:00,01.03.2023,08N4S,30min,118.0,10.0,0.14,2.339967964007189,2.215286,8.337489,0.8911055795189269,5.017912046666667,1.6563283317485085,1.5680731621822124,5.901627483263747,0.6307622329191159,3.551890460450171,5.234359260932324,11.224749567525638,18.650431728704344,3.705100956846158,7.9453526763828,13.201564699498345,180000
2023-03-03 17:30:00,01.03.2023,08N4S,30min,118.0,10.0,0.14,1.9287980299644722,1.6671175,8.794741,1.2768023552169314,6.01970755,1.3652848553447328,1.1800563042218046,6.225289795739039,0.903774730046915,4.2610037048672895,4.314598313270558,13.465702286148876,19.673275322118805,3.054055241912874,9.531593827995895,13.925576672644578,180000
2023-03-03 18:00:00,01.03.2023,08N4S,30min,118.0,10.0,0.14,1.2535932321201166,1.0380280000000002,9.322474,0.9302052980803781,6.45645253,0.887346330713421,0.7347601385977602,6.598841542149167,0.6584386680724502,4.570150280910205,2.8042081964032644,14.44267298228345,20.85378042233355,1.984937210794157,10.223135023510649,14.761188131149694,180000
2023-03-03 18:30:00,01.03.2023,08N4S,30min,118.0,10.0,0.14,1.4110260332051834,1.153152,9.866285,1.0323452190039724,6.269006533333334,0.9987839284902605,0.8162497768309567,6.983773977238573,0.7307376257635572,4.437468073406753,3.1563753427102315,14.023368229539475,22.070250984251942,2.2342160175605303,9.926333378236283,15.622257465190062,180000
2023-03-03 19:00:00,01.03.2023,08N4S,30min,118.0,10.0,0.14,0.9429912501445499,0.77831465,8.809965,0.710273351267813,5.4017581450000005,0.6674891059322914,0.5509240406874064,6.236065987084564,0.5027615305365885,3.8235929698348983,2.1094113505380925,12.083388835450954,19.70733044022904,1.4931306056108864,8.553133880267747,13.949682326155505,180000
2023-03-03 19:30:00,01.03.2023,08N4S,30min,118.0,10.0,0.14,1.0710273366497611,0.94303205,7.235497,0.6889939859584588,4.44844663,0.7581184653195948,0.6675179857962693,5.121590919073163,0.48769909541540346,3.1487987437752536,2.395819919134216,9.95089170991409,16.185345830350734,1.6958627087499865,7.043662186326168,11.456672599931006,180000
2023-03-03 20:00:00,01.03.2023,08N4S,30min,118.0,10.0,0.14,8.359401707848544,6.4639225,34.36793,6.77978952323996,27.142801066666664,5.917138225031645,4.57543784173951,24.327075001944184,4.799021885497727,19.212823039142904,18.69944906014794,60.71671677403953,76.87886989978517,13.236261240675642,42.977861129077674,54.4181169513783,180000
2023-03-03 20:30:00,01.03.2023,08N4S,30min,118.0,10.0,0.14,14.654294659659518,15.679905,35.47129,7.734800822772616,30.4316448,10.372929800721987,11.09890019440681,25.108079894416477,5.475019290969489,21.540805788481435,32.78072355865135,68.07365068002856,79.34701592698632,23.203583126167626,48.18541022834962,56.16517513962162,180000
2023-03-03 21:00:00,01.03.2023,08N4S,30min,118.0,10.0,0.14,14.309896315782726,15.520865,36.37949,7.19490274641846,29.8173188,10.129150081022953,10.986324953235485,25.75094228143733,5.0928565887970585,21.10595985281861,32.01032640430993,66.69944255547594,81.37860146743012,22.658263423906007,47.21268757341309,57.60321734394528,180000
2023-03-03 21:30:00,01.03.2023,08N4S,30min,118.0,10.0,0.14,16.11476541675692,17.11725,41.00362,8.01510318699291,32.70951696666667,11.406712796848165,12.11631380118119,29.024097147870663,5.673429164290615,23.153180087525374,36.0477035986867,73.16910559830582,91.72248568360763,25.516089828311006,51.792188814256775,64.92505625418448,180000
2023-03-03 22:00:00,01.03.2023,08N4S,30min,118.0,10.0,0.14,16.628194622729367,17.941119999999998,38.49636,7.838203164481621,33.525029233333335,11.770139712635073,12.69948384609957,27.249352434721676,5.5482118435070324,23.730434175164795,37.19621202292714,74.99335458422803,86.11390479599132,26.329052685744138,53.083469432634146,60.95506539620984,180000
2023-03-03 22:30:00,01.03.2023,08N4S,30min,118.0,10.0,0.14,14.791591122543172,16.20216,36.03717,7.17594631274207,29.766557799999998,10.470114046327478,11.46857438063625,25.50863370147149,5.079438422971682,21.0700290692604,33.0878469992465,66.58589343235496,80.61285343593406,23.420978092178476,47.132312699669775,57.06118848754353,180000
2023-03-03 23:00:00,01.03.2023,08N4S,30min,118.0,10.0,0.14,14.51699032255479,15.52153,33.81466,6.596855414072839,29.76148726666667,10.275739981409654,10.986795668372425,23.935447086433253,4.669533382869772,21.066439931226782,32.473582503925314,66.57455097232157,75.64124015748024,22.98617569212966,47.12428402654518,53.542070254190286,180000
2023-03-03 23:30:00,01.03.2023,08N4S,30min,118.0,10.0,0.14,14.413433907296923,15.708395,33.5303,7.1026614035051,29.15456983333333,10.20243836909519,11.119066621852554,23.734165046823858,5.027564263442189,20.63683809251588,32.24193340035994,65.21691533941772,75.00514495347163,22.822204655277336,46.163292082399465,53.0918151548493,180000
2023-03-04 00:00:00,01.03.2023,08N4S,30min,118.0,10.0,0.14,12.195393766841562,13.38734,28.41262,6.307438998636399,24.349382866666666,8.632415709767718,9.476125686258307,20.111654607703734,4.464672198471523,17.235523444340544,27.280318912941905,54.46801822357426,63.55722083035068,19.31016398927995,38.55476790519981,44.988490085235576,180000
2023-03-04 00:30:00,01.03.2023,08N4S,30min,118.0,10.0,0.14,10.644124969811372,11.89649,28.02461,5.415589240253277,21.570398566666668,7.5343620192041865,8.420838976623816,19.837004712539713,3.8333832042652376,15.268440774673639,23.8102294421335,48.251607387854875,62.68926717967065,16.853887838234115,34.15452929195066,44.37411576713424,180000
2023-03-04 01:00:00,01.03.2023,08N4S,30min,118.0,10.0,0.14,8.411040124123666,9.310978500000001,22.00246,4.699636202945649,18.1195562,5.953690080953911,6.590704540860907,15.574272138219463,3.326601351635405,12.82578853830716,18.814960907577973,40.53229285969932,49.218101288475246,13.318025413730101,28.690471855554637,34.838654568314794,180000
2023-03-04 01:30:00,01.03.2023,08N4S,30min,118.0,10.0,0.14,5.149455923093928,4.377353,17.64971,3.561274469519078,14.989299266666666,3.64500278196306,3.0984756644053157,12.493211518196302,2.5208207512788694,10.610060236004523,11.519004838703298,33.53010752207107,39.481276843235456,8.15363900761242,23.734028802801788,27.946518249365354,179999
2023-03-04 02:00:00,01.03.2023,08N4S,30min,118.0,10.0,0.14,3.9646162642859335,3.1323670000000003,16.2003,2.834935723510851,12.28092331,2.8063231394853188,2.217221896768729,11.467257793937438,2.0066874545990805,8.692957139271835,8.868594005650342,27.471643052075848,36.23903901216889,6.2775660779467515,19.44559131011056,25.65152512960233,180000
2023-03-04 02:30:00,01.03.2023,08N4S,30min,118.0,10.0,0.14,3.4469230130108834,2.6604015,13.86171,2.548140400649502,11.23403554,2.439877952016406,1.8831447464477729,9.811904843416514,1.8036815904270214,7.951925680600681,7.710547183721546,25.12982180565495,31.007762168933397,5.457851539048861,17.787951146655047,21.948606038422742,180000
2023-03-04 03:00:00,01.03.2023,08N4S,30min,118.0,10.0,0.14,3.33707991180715,2.583058,13.23612,2.408526812441831,9.85629093,2.3621263573923077,1.8283977446524111,9.36908577196047,1.7048571854768668,6.9766997516316,7.464835164207109,22.04789488636361,29.608357193987082,5.283926175269115,15.606432873191643,20.95804798666889,180000
2023-03-04 03:30:00,01.03.2023,08N4S,30min,118.0,10.0,0.14,4.735706888048606,4.5443795,15.72037,2.9630140146461486,12.3753778,3.352133708744813,3.2167040881949425,11.12754303352903,2.097346688209287,8.759816023775508,10.593474606407929,27.682931728704336,35.16546617752323,7.498509548910185,19.595150375303103,24.891604853098194,180000
2023-03-04 04:00:00,01.03.2023,08N4S,30min,118.0,10.0,0.14,2.6995408692148444,1.987884,14.63085,2.1039619917345136,9.368880753333332,1.9108492480112453,1.4071084049334601,10.35633467864358,1.489273318880869,6.63169020568336,6.038700942230766,20.957589373061296,32.72827934860412,4.274448031521214,14.834668498754816,23.166460895319364,180000
2023-03-04 04:30:00,01.03.2023,08N4S,30min,118.0,10.0,0.14,3.2010885395882553,2.66309,11.96046,2.224195282451921,10.180702023333334,2.265865910179271,1.8850477805014016,8.466119649270507,1.574379529264006,7.206331649711662,7.160631128284385,22.773581834585993,26.754787043664965,5.068597687408886,16.120104799820272,18.938170296328064,180000
2023-03-04 05:00:00,01.03.2023,08N4S,30min,118.0,10.0,0.14,3.4171147865308558,2.9255105,11.45575,2.3177173141696246,9.028091383333333,2.4187784280923705,2.070800113724488,8.10886455639086,1.640578380342054,6.390465070394289,7.643868080106595,20.195265263361943,25.62578292770219,5.410653248238117,14.295063239070961,18.139013413544316,180000
2023-03-04 05:30:00,01.03.2023,08N4S,30min,118.0,10.0,0.14,2.8541083751585723,2.361228,11.07547,1.935800971042902,9.067698906666665,2.020258668653004,1.6713770847615979,7.8396862822923215,1.3702418333428013,6.4185009512509845,6.384458605848625,20.283864769744664,24.775120794559744,4.519189935247409,14.357777718439015,17.536878763180727,180000
2023-03-04 06:00:00,01.03.2023,08N4S,30min,118.0,10.0,0.14,2.5237891468099165,1.985288,12.0938,1.8266812655323577,9.694151683333335,1.7864447426288856,1.4052708462936163,8.560503343044303,1.2930022887980739,6.861930732536801,5.645555535992112,21.685199721128587,27.053060128847502,3.9961630785363362,15.349701889175003,19.149300606308817,180000
2023-03-04 06:30:00,01.03.2023,08N4S,30min,118.0,10.0,0.14,2.5459162781995945,2.1462874999999997,11.83698,1.756114883038198,8.26682871,1.8021072624517138,1.5192331044737135,8.378715280685025,1.243052417521238,5.851611140280939,5.6950525192367385,18.492369161596258,26.478570150322092,4.031199137553042,13.089681326684262,18.7426522921551,180000
2023-03-04 07:00:00,01.03.2023,08N4S,30min,118.0,10.0,0.14,2.0939669890511055,1.59989,9.457783,1.556469468060421,7.2517694000000015,1.482198433081116,1.1324698352464195,6.694618977433691,1.1017349455652996,5.133109212297739,4.684070752172296,16.221746152469564,21.156458035075136,3.3155834669853133,11.482438288067584,14.975436152097538,180000
2023-03-04 07:30:00,01.03.2023,08N4S,30min,118.0,10.0,0.14,1.7282991588239942,1.257447,7.871299,1.3240145647382247,5.8090199,1.2233632710060907,0.8900741906762993,5.5716384762110565,0.9371935295507549,4.111870071752541,3.866095111900484,12.994407435576221,17.607594398711505,2.7365856992799062,9.197991391715588,12.463400313643186,180000
2023-03-04 08:00:00,01.03.2023,08N4S,30min,118.0,10.0,0.14,1.5670036109838001,1.213361,7.097203,1.1424759425428803,5.4315864666666664,1.1091914576385682,0.8588682545452693,5.023700574489744,0.8086928116461342,3.844706717982288,3.505287247189957,12.150112890718193,15.875990962777363,2.481190626428434,8.60036398975994,11.237698135490644,180000
2023-03-04 08:30:00,01.03.2023,08N4S,30min,118.0,10.0,0.14,1.3959473937174944,1.070895,6.959967,1.0544394096116336,5.715445746666667,0.9881106294657256,0.7580247918395729,4.92655912707156,0.7463768287071103,4.045634326789623,3.122645386805415,12.785088015986625,15.569002773800985,2.2103405276165993,9.049826249976777,11.020398906298215,180000
2023-03-04 09:00:00,01.03.2023,08N4S,30min,118.0,10.0,0.14,1.4014204659364944,1.04996,7.219773,1.0708890758070548,5.4302595333333326,0.9919847015545209,0.7432061130548542,5.1104608065720445,0.7580205984451468,3.843767458424828,3.1348883006811312,12.147144625387721,16.15017224409447,2.2190065800700602,8.5982629259682,11.431775247342607,180000
2023-03-04 09:30:00,01.03.2023,08N4S,30min,118.0,10.0,0.14,1.4101720198066499,1.254638,5.79682,0.8639299424839568,4.379009263333333,0.9981794216724572,0.8880858616241725,4.10323446634028,0.611526167192279,3.099648037671118,3.154464969145151,9.795564744392735,12.967117036506787,2.232863774320992,6.933715188061727,9.17867409256504,180000
2023-03-04 10:00:00,01.03.2023,08N4S,30min,118.0,10.0,0.14,0.9423559295986278,0.9071421,3.812942,0.4705223873148257,2.33185261,0.6670393991687207,0.6421135606398509,2.698961677705438,0.3330556541025775,1.6505839408119516,2.1079901789518316,5.216205731030774,8.529308339298488,1.4921246402306727,3.6922511202844257,6.037405327723325,180000
2023-03-04 10:30:00,01.03.2023,08N4S,30min,118.0,10.0,0.14,0.9305025074878722,0.7654365,4.158768,0.6530095797690735,3.0960325166666665,0.6586490454663577,0.5418083412275819,2.9437519528143072,0.4622278101715845,2.191502812110244,2.0814748288472424,6.925627497912185,9.302899069434492,1.473355953530684,4.9022521745486785,6.584985578056335,180000
2023-03-04 11:00:00,01.03.2023,08N4S,30min,118.0,10.0,0.14,1.4232997550323667,1.4078404999999998,4.229733,0.9129530900242376,3.4797953466666667,1.0074717881152915,0.9965290733039376,2.9939839824277574,0.6462268252488972,2.463146380645455,3.183830876504038,7.784080499880688,9.461643253400133,2.253650206056036,5.50990153150826,6.697351428122213,180000
2023-03-04 11:30:00,01.03.2023,08N4S,30min,118.0,10.0,0.14,1.9810141561562389,2.329585,4.082909,0.9594340394413301,3.4213610166666664,1.4022456387895923,1.6489788305086788,2.8900557429299036,0.6791280079105001,2.4217840894455382,4.431402460979413,7.653366626401804,9.133207319255538,3.136734159783444,5.417376721200643,6.464870577420142,180000
2023-03-04 12:00:00,01.03.2023,08N4S,30min,118.0,10.0,0.14,2.5938742308613225,2.9261685,6.243502,1.3731353542029987,5.163364456666668,1.8360539305036316,2.0712658739652494,4.419414885586316,0.9719633026928751,3.6548478305124226,5.802331404038385,11.550117342221416,13.96631621331423,4.1071356713127,8.175661754009527,9.885949547213473,180000
2023-03-04 12:30:00,01.03.2023,08N4S,30min,118.0,10.0,0.14,2.699195327776189,3.1062955,6.208901,1.3811521420701365,5.020056033333333,1.9106046591606962,2.198767385952593,4.394922833776904,0.977637924345053,3.55340806492746,6.037927988046229,11.229545529109984,13.888915980672856,4.273900901844788,7.948747460915032,9.831162387654123,180000
2023-03-04 13:00:00,01.03.2023,08N4S,30min,118.0,10.0,0.14,1.7644770421115,1.7824735,5.592958,1.095539231333145,4.54170172,1.248971507526205,1.2617101618711968,3.958932317096891,0.7754690215038758,3.2148086422108895,3.9470227319960136,10.159497405153889,12.511090730135992,2.7938696929272626,7.191322123771667,8.855879377901053,180000
2023-03-04 13:30:00,01.03.2023,08N4S,30min,118.0,10.0,0.14,1.1067322299554438,0.8079,4.493804,0.8557758026465785,3.8698064433333337,0.7833918995178069,0.5718658032087096,3.1809046093854585,0.6057543220040398,2.739212736698919,2.475689490773628,8.656510476318292,10.052353256979229,1.7523977709328158,6.127444382379465,7.115480962297457,169225
2025-12-27 00:00:00,27.12.2025,31S4S,30min,118.0,10.0,0.14,2.407892539785123,2.384203,6.311963,1.137516816634545,5.283156119999999,1.7044082204536195,1.6876397618611398,4.4678744780525514,0.8051825325017063,3.7396414383473315,5.386302209612385,11.818083661417308,14.119459108804566,3.812652604808558,8.365339652709663,9.994350568299362,135780
2025-12-27 00:30:00,27.12.2025,31S4S,30min,118.0,10.0,0.14,2.4909745258233276,2.548624,5.575175,0.9725871864093303,4.395793666666667,1.7632171654689834,1.8040239025089666,3.946344757277036,0.6884383618597235,3.111528748518495,5.572151319397201,9.83311038534955,12.471311292054388,3.944204468210857,6.96029158133163,8.827721808511614,180000
2025-12-27 01:00:00,27.12.2025,31S4S,30min,118.0,10.0,0.14,2.746897408777128,2.7693135,5.49086,0.9297647725558316,5.373016436666667,1.9443702104248735,1.9602372682438702,3.8866630328092278,0.6581268454670179,3.803248372580743,6.144634504243747,12.019095464984478,12.282704008589821,4.34943228888885,8.507624312322697,8.694217593077182,180000
2025-12-27 01:30:00,27.12.2025,31S4S,30min,118.0,10.0,0.14,2.042180691094772,1.961534,4.678529,0.9244951680419126,4.441113636666667,1.4455419002478396,1.3884567600336588,3.3116607803196447,0.6543967964288393,3.1436081408262613,4.568228102842632,9.934488270997365,10.46557131352898,3.233585138349673,7.032051138211923,7.407974186470207,180000
2025-12-27 02:00:00,27.12.2025,31S4S,30min,118.0,10.0,0.14,1.0836494378235388,1.075976,2.848835,0.514360134228624,2.45072503,0.7670529225864893,0.7616213386227189,2.016525950592999,0.364085866195311,1.7347268693212514,2.424054755331822,5.482115761453108,6.372662401574796,1.715848520460112,3.8804734907866174,4.510840082750978,180000
2025-12-27 02:30:00,27.12.2025,31S4S,30min,118.0,10.0,0.14,1.4614256271126553,1.479314,3.784793,0.6750951544565462,3.5171552799999994,1.0344588935246575,1.0471210407326266,2.67903662448781,0.47786091440227835,2.4895913222019477,3.269116023426659,7.867652290622753,8.466340819613448,2.3140186415637443,5.569057181017236,5.992834253059697,180000
2025-12-27 03:00:00,27.12.2025,31S4S,30min,118.0,10.0,0.14,1.2840698025542945,1.2643635,3.129094,0.5705956654902039,2.8366298833333334,0.9089189367666305,0.8949699820216305,2.2149051288842108,0.4038917546143875,2.007886652603348,2.872382342864829,6.345360333154372,6.99958392984967,2.033193756188774,4.4915145235400535,4.954601666258519,180000
2025-12-27 03:30:00,27.12.2025,31S4S,30min,118.0,10.0,0.14,0.8325348929073945,0.803802,2.510722,0.4703731416019024,2.2899408566666666,0.5893034227401462,0.5689650654174616,1.7771952632303227,0.332950011672207,1.6209170284665475,1.8623275163461739,5.122451808935809,5.6163251610594065,1.3182342133593092,3.6258881273857946,3.975472582387081,180000
2025-12-27 04:00:00,27.12.2025,31S4S,30min,118.0,10.0,0.14,0.8668335602770945,0.8204999500000001,2.721204,0.46722886777077804,2.2921005366666667,0.6135814707217799,0.5807845809375617,1.9261833285737757,0.33072436161657626,1.622445741349174,1.9390514501545577,5.127282875507033,6.087159985683601,1.3725426599896637,3.629307760713073,4.308749392836823,180000
2025-12-27 04:30:00,27.12.2025,31S4S,30min,118.0,10.0,0.14,0.6822115992856889,0.6703109,1.942305,0.3321119032955754,1.5442529533333333,0.4828982351575799,0.47447441667044565,1.3748456602318266,0.23508285720175456,1.093087579546217,1.526063885302631,3.4543954754235227,4.344812544738721,1.0802125875930104,2.4451672770808335,3.0754421533460654,180000
2025-12-27 05:00:00,27.12.2025,31S4S,30min,118.0,10.0,0.14,0.6751060210575167,0.666454,1.831696,0.34128411188567154,1.7710475999999997,0.47786860624222405,0.47174433966042495,1.2965519300336434,0.2415753345288658,1.2536224264077946,1.510169159488001,3.961720651395843,4.097387258410876,1.0689616281366847,2.8042735021648917,2.900304066825434,180000
2025-12-27 05:30:00,27.12.2025,31S4S,30min,118.0,10.0,0.14,0.6468382736872667,0.6316487,1.899563,0.3397717988274429,1.6128810366666666,0.45785949861159037,0.4471076756668365,1.344591064167033,0.2405048553584896,1.1416654406652798,1.4469360095008632,3.60791212568599,4.249201413743732,1.0242025291060977,2.5538328576084433,3.007764549407282,180000
2025-12-27 06:00:00,27.12.2025,31S4S,30min,118.0,10.0,0.14,0.5296480608016723,0.49100935,1.897171,0.3345957934382114,1.7026964033333334,0.3749073074740485,0.3475571931188717,1.3428979053586716,0.23684105974105488,1.2052405573868024,1.184788969223496,3.8088233789668298,4.243850662133138,0.8386437622450968,2.6960463434744115,3.003977061020647,180000
2025-12-27 06:30:00,27.12.2025,31S4S,30min,118.0,10.0,0.14,0.6835880308956445,0.66805795,1.845752,0.36632361755594683,1.59010864,0.48387253168956296,0.4728796833354548,1.3065013615597008,0.2592993560935161,1.1255461747774587,1.5291428751244713,3.5569717251252646,4.128829634931993,1.082392026864626,2.517775086742702,2.922560311291382,180000
2025-12-27 07:00:00,27.12.2025,31S4S,30min,118.0,10.0,0.14,0.82436555849255,0.8016139,2.065431,0.41677963724687894,1.8388782033333333,0.5835208221870758,0.5674162356563512,1.4619994526391487,0.29501426168488804,1.3016357974405315,1.8440532357116792,4.113453389704123,4.620237562634211,1.305298904319692,2.9116763543318944,3.270399634572179,180000
2025-12-27 07:30:00,27.12.2025,31S4S,30min,118.0,10.0,0.14,0.9302847191287668,0.91154605,2.778075,0.43556210267442247,2.4521009866666663,0.6584948856508986,0.6452308627862069,1.966439028653343,0.3083092854229274,1.7357008296682788,2.0809876501627724,5.485193688857068,6.214376789549027,1.4730111078447072,3.8826521780339047,4.398798829306865,180000
2025-12-27 08:00:00,27.12.2025,31S4S,30min,118.0,10.0,0.14,0.9489922043784389,0.9464533,3.518034,0.48510906932609316,2.9512966333333335,0.6717368352465403,0.669939691303421,2.490213317397635,0.3433807248099961,2.089052629939754,2.122835102850836,6.601862547721301,7.869617931281309,1.502632505472753,4.673077643923925,5.570448544643952,180000
2025-12-27 08:30:00,27.12.2025,31S4S,30min,118.0,10.0,0.14,1.1401994772301611,1.130975,2.917556,0.5454469988693317,2.634299346666667,0.80708143317784,0.8005519578957425,2.0651695820601432,0.38609046431017513,1.8646685379053254,2.550553590797602,5.892759812693861,6.526386900501066,1.8053897485187882,4.171144725092438,4.619652787357151,180000
2025-12-27 09:00:00,27.12.2025,31S4S,30min,118.0,10.0,0.14,1.4374309011160833,1.4711555,3.118469,0.5790835830871088,2.906232896666667,1.0174744112189233,1.0413461092368002,2.2073843043278396,0.40989986182335314,2.0571546104268577,3.215441350027026,6.501057839716052,6.975816481746593,2.276025436692292,4.6017238064308685,4.937778060862199,180000
2025-12-27 09:30:00,27.12.2025,31S4S,30min,118.0,10.0,0.14,1.2763807951189554,1.270622,3.188617,0.6759838346481829,2.884369206666667,0.903476331972859,0.8994000131262,2.2570380267730483,0.47848995984303333,2.0416785655661616,2.8551825230828425,6.452150158076824,7.132733088761624,2.0210189960022773,4.567104880024515,5.048850274635482,180000
2025-12-27 10:00:00,27.12.2025,31S4S,30min,118.0,10.0,0.14,0.9914082469374556,0.9415579,3.153404,0.525516361750447,2.430070833333333,0.7017607048429592,0.6664745200532316,2.2321127754691887,0.3719827160684963,1.7201069550169883,2.2177170878164247,5.435913639346212,7.053963851109513,1.5697939890008912,3.847769673892686,4.993094075405302,180000
2025-12-27 10:30:00,27.12.2025,31S4S,30min,118.0,10.0,0.14,0.7656613837440055,0.7281187,2.391695,0.43102802825397357,1.9779073299999996,0.5419675234566874,0.5153932234271339,1.6929429164565597,0.3050998757060589,1.4000464957827008,1.7127357367215565,4.424452688797417,5.350069345025047,1.2123468223351084,3.1318148169799107,3.787005450198098,180000
2025-12-27 11:00:00,27.12.2025,31S4S,30min,118.0,10.0,0.14,0.6248516502727833,0.5383589,2.28791,0.42686879639083775,1.7623259033333334,0.4422964362786644,0.38107320802457895,1.619479502189923,0.30215579541129045,1.2474488404817816,1.3977533336452725,3.942210771593887,5.117908911954182,0.9893889501580706,2.7904635837548772,3.622672472686832,180000
2025-12-27 11:30:00,27.12.2025,31S4S,30min,118.0,10.0,0.14,0.7208586590982111,0.6622818,2.215592,0.41614947585784856,1.840760303333333,0.5102542592958929,0.46879107996968683,1.568289761929436,0.2945682067908554,1.3029680274544182,1.612514895978459,4.117663527499398,4.956138153185392,1.141406270794319,2.914656467999322,3.50816428491731,180000
2025-12-27 12:00:00,27.12.2025,31S4S,30min,118.0,10.0,0.14,0.9180244157932221,0.8790495,2.540558,0.48364279114061176,2.1126354366666664,0.649816524202002,0.6222284297285736,1.798314446426925,0.3423428310703405,1.495412750187605,2.0535621326798967,4.725830880159861,5.683066392269142,1.4535981661641044,3.345143052495534,4.022714849738106,180000
2025-12-27 12:30:00,27.12.2025,31S4S,30min,118.0,10.0,0.14,0.6240338770656888,0.5813972,2.030514,0.37774870820567535,1.7075329666666663,0.44171758180172704,0.4115375377661774,1.4372837226594006,0.2673865186645513,1.2086640815548755,1.3959240270796531,3.8196424630159815,4.542130458124548,0.9880940895707914,2.7037045489327,3.215112121195864,180000
2025-12-27 13:00:00,27.12.2025,31S4S,30min,118.0,10.0,0.14,0.5855223952683556,0.5676197,1.903995,0.34865979359495175,1.6286875666666667,0.4144575255190317,0.40178524032378604,1.347728221290218,0.24679615411654907,1.1528539713923407,1.309776295786406,3.6432703262944366,4.259115515390117,0.9271150803485846,2.5788608880465715,3.0147821700300117,180000
2025-12-27 13:30:00,27.12.2025,31S4S,30min,118.0,10.0,0.14,0.5061045554772777,0.4697869,1.695461,0.31984282583861917,1.4128277466666666,0.3582422182517643,0.33253504506180187,1.200119032768959,0.22639828505847923,1.0000592575109353,1.132123647721182,3.160405660940106,3.792638242662845,0.8013650193534446,2.2370688473311877,2.684589819186108,180000
2025-12-27 14:00:00,27.12.2025,31S4S,30min,118.0,10.0,0.14,0.42719233057253336,0.3921103,1.567236,0.3099633781213863,1.29744078,0.30238480659421013,0.27755226099258334,1.1093559524168897,0.21940519395305302,0.9183834803446401,0.9556020279450002,2.9022923675733683,3.5058070866141695,0.6764155480364392,2.054365337206154,2.4815585907679143,180000
2025-12-27 14:30:00,27.12.2025,31S4S,30min,118.0,10.0,0.14,0.6239386737681945,0.5913177,2.108228,0.4116213204310165,1.7953809633333333,0.4416501928795959,0.41855968741431704,1.4922929800310576,0.2913629867881085,1.2708466105486365,1.3957110633683647,4.016152834943923,4.7159717251252635,0.9879433448451937,2.8428029047705685,3.3381643254094846,180000
2025-12-27 15:00:00,27.12.2025,31S4S,30min,118.0,10.0,0.14,0.7722039187530721,0.7547464500000001,2.235767,0.41767087813910225,1.8636246266666665,0.5465986065585329,0.5342414715288677,1.582570480557652,0.29564511969786456,1.3191523629264326,1.7273709707253742,4.168809562156998,5.001268342877589,1.2227062601971463,2.9508597953794538,3.5401093426933836,180000
2025-12-27 15:30:00,27.12.2025,31S4S,30min,118.0,10.0,0.14,0.5105916293563055,0.4725684,1.898692,0.3207384124532278,1.819998276666667,0.36141835899676616,0.33450390845037103,1.3439745335139885,0.22703221915763278,1.2882717865137403,1.1421609461263085,4.071220196552131,4.2472530422333525,0.8084698438546121,2.8817819132823437,3.006385409614323,180000
2025-12-27 16:00:00,27.12.2025,31S4S,30min,118.0,10.0,0.14,0.5137413914568055,0.4630743,1.975701,0.34603256994411535,1.6961236266666666,0.3636478938816762,0.32778358276372194,1.398484762056258,0.2449364940555335,1.200588067960147,1.1492067632802545,3.7941204963015944,4.4195172691481694,0.8134571713530686,2.685639021027527,3.1283213181287053,180000
2025-12-27 16:30:00,27.12.2025,31S4S,30min,118.0,10.0,0.14,0.6021564683001167,0.5523218,2.191968,0.36597432433122173,1.9089137633333333,0.4262318262183019,0.3909567394314646,1.5515676951699329,0.25905211157004443,1.3512099300962708,1.3469856574358359,4.270118475602477,4.903292770221899,0.9534534408963435,3.022570530816637,3.470758086904821,180000
2025-12-27 17:00:00,27.12.2025,31S4S,30min,118.0,10.0,0.14,0.46721066742137224,0.4472572,1.459353,0.2887937146002829,1.16041618,0.3307114786391884,0.3165875701434317,1.0329918003590046,0.2044204103992049,0.8213916707910416,1.0451204979898259,2.5957770669291307,3.264479688618464,0.739780508766974,1.8374008383836808,2.3107368476176706,180000
2025-12-27 17:30:00,27.12.2025,31S4S,30min,118.0,10.0,0.14,0.46283480341147226,0.427787,1.61873,0.2994755017623512,1.2865762546666668,0.32761405694497686,0.3028057387761409,1.1458055843891997,0.21198143131162062,0.9106931096227339,1.0353319689769858,2.877989116559291,3.6209958840372187,0.7328517737673955,2.0371624678389693,2.563094095358801,180000
2025-12-27 18:00:00,27.12.2025,31S4S,30min,118.0,10.0,0.14,0.42675391980660554,0.3958745,1.693588,0.2891266448864647,1.4771488033333335,0.30207448090440614,0.2802167210203569,1.1987932441201041,0.20465607254244028,1.045588422919917,0.9546213309918689,3.304287766941061,3.7884484609878273,0.6757213692385599,2.338914689781487,2.681624114441891,180000
2025-12-27 18:30:00,27.12.2025,31S4S,30min,118.0,10.0,0.14,0.4889259525473389,0.4478135,1.891108,0.33587192518747727,1.71685143,0.34608247625085703,0.3169813428211455,1.3386062574259394,0.2377443597878355,1.2152600841774621,1.0936962073804097,3.840487271832494,4.230288117394412,0.774164451169597,2.71845938658165,2.994376918007198,180000
2025-12-27 19:00:00,27.12.2025,31S4S,30min,118.0,10.0,0.14,0.43401297457983334,0.4022904,1.769336,0.28356480879741774,1.5678951166666666,0.3072127470121273,0.28475816650470737,1.2524108835079657,0.20071916963072095,1.1098225030815654,0.9708593740601129,3.5072814886065338,3.9578919112383635,0.6872153431731545,2.4826022348818095,2.8015633578828836,180000
2025-12-27 19:30:00,27.12.2025,31S4S,30min,118.0,10.0,0.14,0.4111743464493111,0.3925646,1.421451,0.27077089195533177,1.3628412566666666,0.2910465996918573,0.277873833754556,1.0061631610803607,0.19166309396407294,0.964676704901164,0.9197708179342132,3.0485890673466916,3.1796953292770187,0.6510527015297445,2.1579203312928663,2.250722890748836,180000
2025-12-27 20:00:00,27.12.2025,31S4S,30min,118.0,10.0,0.14,0.64702755268115,0.5874051,2.542171,0.4146332569674185,2.1531294033333332,0.4579934782920801,0.4157901835875633,1.7994561960748714,0.2934949629071866,1.5240760931421045,1.4473594145516044,4.816413303805769,5.6866745705082264,1.024502233115783,3.409261124602055,4.025268870962038,180000
2025-12-27 20:30:00,27.12.2025,31S4S,30min,118.0,10.0,0.14,0.8193382661981279,0.755312,2.720091,0.5222123388603478,2.51292465,0.579962291990375,0.53464179174796,1.9253955000814236,0.36964398886975075,1.7787543920970608,1.832807503127521,5.6212523487831,6.084670275590544,1.2973386989763205,3.978960254333077,4.306987070690367,180000
2025-12-27 21:00:00,27.12.2025,31S4S,30min,118.0,10.0,0.14,0.6901008374697778,0.612568,2.703514,0.4675691643521161,2.4207763900000003,0.4884825717473173,0.43360154887975344,1.9136615980888618,0.33096523793519994,1.713527954766717,1.5437116085132807,5.4151225617394365,6.047588582677159,1.0927043927776412,3.8330528694674193,4.280739079475795,180000
2025-12-27 21:30:00,27.12.2025,31S4S,30min,118.0,10.0,0.14,0.5246891349928278,0.4740518,2.306619,0.35956165077938734,1.8178613099999998,0.37139716996850664,0.3355539217347872,1.6327225239899374,0.25451294990222045,1.2867591510894751,1.1736961681120865,4.066439938260554,5.159759753042228,0.8307918082688489,2.8783982442051577,3.6522962687677514,180000
2025-12-27 22:00:00,27.12.2025,31S4S,30min,118.0,10.0,0.14,0.40475559902825003,0.3423409,1.757524,0.3178376901194976,1.5813767399999998,0.286503138682402,0.24232337387014796,1.244049850128214,0.2249789651568108,1.1193653665003969,0.9054124888785111,3.537439021116674,3.9314692197566172,0.6408892687061598,2.503949012393512,2.7828602588766387,180000
2025-12-27 22:30:00,27.12.2025,31S4S,30min,118.0,10.0,0.14,0.5133650218354723,0.4586611,2.058088,0.3728294914009416,1.7524584466666666,0.36338148353905075,0.32465973307598744,1.4568017665480961,0.2639044888722542,1.2404642371493018,1.1483648484150673,3.920137899665946,4.603811739441656,0.8128612283890712,2.774839471074849,3.2587727419203976,180000
2025-12-27 23:00:00,27.12.2025,31S4S,30min,118.0,10.0,0.14,0.33183057071342775,0.2607517,1.829007,0.27848323607953135,1.65896268,0.23488371809659472,0.1845710859741756,1.2946485420588592,0.19712221745362285,1.174283977585683,0.7422838464419904,3.7109938260558297,4.091372136721541,0.5254199134229476,2.62679844663941,2.896046309186779,180000
2025-12-27 23:30:00,27.12.2025,31S4S,30min,118.0,10.0,0.14,0.44619194184539995,0.3973765,1.806978,0.31687358588535003,1.56251822,0.31583353534926784,0.28127990017176113,1.2790554837857007,0.22429653138748573,1.1060165081180138,0.9981029479362014,3.495253713314241,4.042094667143875,0.7064994974706233,2.4740884666204646,2.8611656312314317,180000
2025-12-28 00:00:00,27.12.2025,31S4S,30min,118.0,10.0,0.14,0.48422896769311113,0.423244,2.23191,0.3616042641387179,1.9968255,0.34275775163602584,0.29959001115641426,1.5798403327634003,0.25595879806335226,1.4134375769589467,1.0831893514967579,4.466771429849673,4.992640479599135,0.7667272540175946,3.1617698124529015,3.53400217600975,180000
2025-12-28 00:30:00,27.12.2025,31S4S,30min,118.0,10.0,0.14,0.6608770631213056,0.5858846,3.397411,0.450795875373706,2.87553209,0.46779674777086083,0.4147139093534021,2.404831254295216,0.3190923942984995,2.035423280480591,1.4783398870823747,6.432382091088039,7.5997919649248304,1.0464315223936567,4.553112205799456,5.379454308999672,180000
2025-12-28 01:00:00,27.12.2025,31S4S,30min,118.0,10.0,0.14,1.0403636482085166,0.9410573,3.50943,0.6546301836157308,2.967603946666667,0.7364134092237984,0.666120174192251,2.4841230421521745,0.46337494214392244,2.100595636298886,2.327227201611747,6.638340968742536,7.850371331424473,1.647309881048223,4.698898613768082,5.556824986918781,180000
2025-12-28 01:30:00,27.12.2025,31S4S,30min,118.0,10.0,0.14,1.0813732411217944,0.97768895,4.056318,0.6821827429670055,3.6933132,0.7654417342524081,0.6920496059908775,2.8712335080331064,0.4828778094342707,2.6142833514288024,2.418963048321835,8.26170633500357,9.073724946313519,1.7122443948022712,5.847985306524695,6.422766437081924,180000
2025-12-28 02:00:00,27.12.2025,31S4S,30min,118.0,10.0,0.14,1.956882331540011,1.864499,5.660232,0.9191012492825771,5.036240090000001,1.3851641122800604,1.3197712813675402,4.006551700739745,0.6505787525078714,3.5648638250027904,4.377421106701881,11.265748232820318,12.66157838224766,3.0985238732105826,7.974373266380606,8.962400905377015,180000
2025-12-28 02:30:00,27.12.2025,31S4S,30min,118.0,10.0,0.14,1.90574392325255,1.8088790000000001,5.611112,0.952007179193537,5.150429573333334,1.3489661831673931,1.280401092019269,3.971782486414196,0.6738709619878326,3.6456919727988097,4.263027745285764,11.521182832259592,12.551700071581948,3.0175514118812448,8.155180683605058,8.884624388005976,180000
2025-12-28 03:00:00,27.12.2025,31S4S,30min,118.0,10.0,0.14,1.9255857022420724,1.863164,5.423512,0.8718317264606311,4.285985906666667,1.3630110338654162,1.3188263118821044,3.8389912688353443,0.6171193842248358,3.033802169893728,4.307412540806349,9.587477421856349,12.132050823192541,3.048968848124138,6.786422176748668,8.587578894137751,180000
2025-12-28 03:30:00,27.12.2025,31S4S,30min,118.0,10.0,0.14,2.7794233712544236,2.798028,5.83461,0.6975196556112104,5.581100660000001,1.9673934628784138,1.9805626062884754,4.12998382728007,0.49373392512683173,3.9505391901467504,6.21739301014321,12.484566615962764,13.051650858983521,4.400933837863304,8.837104487622463,9.23851070884052,179995
2025-12-28 04:00:00,27.12.2025,31S4S,30min,118.0,10.0,0.14,3.2864591870583335,3.265691,6.6961,0.8883752632592045,5.808976563333334,2.326294866592099,2.311594265065545,4.73978289994534,0.6288295995475601,4.111839396226249,7.351599827886385,12.994310494213778,14.978749105225468,5.203773413099714,9.197922772517547,10.60259238534658,180000
2025-12-28 04:30:00,27.12.2025,31S4S,30min,118.0,10.0,0.14,3.131651659120406,3.070285,6.94504,1.117872549138017,6.055845423333333,2.21671554822723,2.173277630405561,4.915993164892457,0.7912774887953704,4.2865836206489725,7.00530525035881,13.546540406525875,15.535612025769488,4.958651458990756,9.588814469955636,10.996763522039307,180000
2025-12-28 05:00:00,27.12.2025,31S4S,30min,118.0,10.0,0.14,2.992001589473811,2.878476,8.046884,1.184457480678534,7.13376939,2.1178653201710316,2.03750710453892,5.695924968420985,0.8384091206272984,5.049583812499142,6.692916941378416,15.957787647637778,18.000366857551878,4.737529796373992,11.29559728994975,12.741421278679713,180000
2025-12-28 05:30:00,27.12.2025,31S4S,30min,118.0,10.0,0.14,2.830355179137389,2.7187285,7.140965,1.2033844115565608,6.89996512,2.00344515148327,1.92443106493243,5.0546771697119475,0.8518064031236948,4.8840872576567405,6.331324219616557,15.434782390837492,15.973883768790246,4.481579168493352,10.925392040212811,11.306990805547471,180000
2025-12-28 06:00:00,27.12.2025,31S4S,30min,118.0,10.0,0.14,2.4917536262865054,2.422977,6.784513,1.1518737210065146,6.463899546666666,1.763768645741487,1.71508563963514,4.802365362204396,0.815344956873865,4.5754215943989935,5.57389411749844,14.459331484132647,15.176523353614872,3.945438094446772,10.234926615960514,10.742585366419988,180000
2025-12-28 06:30:00,27.12.2025,31S4S,30min,118.0,10.0,0.14,2.5523502424824223,2.4722175,6.817352,1.2124281454518833,6.292818583333333,1.8066614945997712,1.7499401489591881,4.825610195861496,0.8582079406259282,4.454323249912874,5.709444887442778,14.076634268372688,15.249982104509646,4.041386664727472,9.964037334271808,10.79458257843032,180000
2025-12-28 07:00:00,27.12.2025,31S4S,30min,118.0,10.0,0.14,2.8075755866166334,2.6963745,7.924833,1.2484837379971785,7.533589843333332,1.9873207920654599,1.9086079579081356,5.60953210649819,0.8837296145844394,5.332593646246804,6.280367722388668,16.852160530004753,17.727346546170345,4.445510003725523,11.928672258068177,12.548165950470167,180000
2025-12-28 07:30:00,27.12.2025,31S4S,30min,118.0,10.0,0.14,3.0737014922845165,2.922766,9.656805,1.4657172990913387,9.309320493333335,2.175695968200389,2.0688574405014326,6.8354951698909305,1.037496720536909,6.589530933590009,6.875674419033002,20.824356865903106,21.60165756979239,4.866893271743885,14.740360892962602,15.290567219691578,180000
2025-12-28 08:00:00,27.12.2025,31S4S,30min,118.0,10.0,0.14,3.0779656979495447,2.933429,8.547359,1.4657216864883345,7.3857598100000015,2.178714353393703,2.076405163065629,6.050182349112752,1.0374998261221386,5.227953293789153,6.885213175441887,16.52147416338581,19.1198975483178,4.873645207126209,11.694598456042295,13.53387247027726,180000
2025-12-28 08:30:00,27.12.2025,31S4S,30min,118.0,10.0,0.14,2.8445110806133944,2.7577525,8.144382,1.3390321739509596,6.741605513333333,2.013465297500994,1.952053903284227,5.764938178077184,0.947823628764414,4.771993627674998,6.36299006937498,15.080542039489364,18.2184636721546,4.503993596772083,10.674645731198535,12.895799431990824,180000
2025-12-28 09:00:00,27.12.2025,31S4S,30min,118.0,10.0,0.14,2.9140926900607393,2.766226,8.252618,1.3920094809487378,7.582696463333334,2.0627181047483774,1.9580518051080777,5.841552198470918,0.9853232081902326,5.367353389642231,6.518639696807302,16.962008910462878,18.460580708661396,4.614168988789315,12.006427589571906,13.067180114689762,180000
2025-12-28 09:30:00,27.12.2025,31S4S,30min,118.0,10.0,0.14,2.7241963702504832,2.6246225,9.56778,1.3293749990644341,7.6503586,1.9283014548478077,1.857818856395781,6.772479508137428,0.94098787177319,5.415247512840276,6.093853727296171,17.113364799570487,21.402514316392246,4.313487506370359,12.113563691929738,15.149605198947343,180000
2025-12-28 10:00:00,27.12.2025,31S4S,30min,118.0,10.0,0.14,2.7886956766095445,2.6671415,8.054764,1.3893956142629884,7.013947186666666,1.9739567929310224,1.8879156036251796,5.701502765833146,0.9834730027542546,4.964768587160047,6.23813456650309,15.689753012407522,18.017993915533268,4.415615589054716,11.105871034269956,12.753898456140702,180000
2025-12-28 10:30:00,27.12.2025,31S4S,30min,118.0,10.0,0.14,2.5889662900065002,2.553603,7.237129,1.2636365962581653,6.354120683333333,1.8325798823057806,1.8075482493763713,5.122746117725022,0.8944554487969991,4.497715470057545,5.791352653020977,14.213763160641836,16.18899651037937,4.099364446818582,10.061102966306237,11.459256705719882,180000
2025-12-28 11:00:00,27.12.2025,31S4S,30min,118.0,10.0,0.14,2.8240295569391223,2.713119,9.413688,1.4077239535027708,8.444615180000001,1.9989676084467476,1.9204604234878213,6.66340667072186,0.9964465767619782,5.977455926103679,6.31717420575143,18.8900661685755,21.057820329277,4.471563189975719,13.371188095256962,14.905616210455111,180000
2025-12-28 11:30:00,27.12.2025,31S4S,30min,118.0,10.0,0.14,2.6427046187000225,2.5684375,6.486415,1.222073695761018,5.830859333333334,1.870618145087579,1.8180487361416884,4.591358984923904,0.8650354692494254,4.127328946718242,5.911561870749865,13.043260856597456,14.50969711882604,4.184453617321888,9.232571910160695,10.27057754322633,180000
2025-12-28 12:00:00,27.12.2025,31S4S,30min,118.0,10.0,0.14,2.565444021077517,2.4877285000000002,6.949286,1.0783607298849047,5.9656664600000004,1.8159298251027056,1.7609194910480237,4.918998663345762,0.7633093513360086,4.222751134822577,5.73873483598227,13.344815810665699,15.545110057265552,4.062119329596241,9.446025265798523,11.003486630605217,180000
2025-12-28 12:30:00,27.12.2025,31S4S,30min,118.0,10.0,0.14,2.8080048651299556,2.7555735,6.933914,1.1412384107550664,6.420570446666667,1.9876246535604731,1.9505115148881484,4.908117711338181,0.8078168342852795,4.5447514241133025,6.281327991074518,14.362407047840595,15.51072387258409,4.446189722531476,10.166319398964964,10.979146634167359,180000
2025-12-28 13:00:00,27.12.2025,31S4S,30min,118.0,10.0,0.14,2.942417900887039,2.821522,9.262711,1.2952156203084062,7.113630769999999,2.08276788744455,1.997192653547524,6.556538762105643,0.9168084181657801,5.035328845174206,6.582001388884744,15.912738837687884,20.7200943987115,4.659019075350187,11.26370983619855,14.666559507215542,180000
2025-12-28 13:30:00,27.12.2025,31S4S,30min,118.0,10.0,0.14,3.0098551443299058,2.931741,8.153709,1.3623934186476037,7.946313093333333,2.13050282170329,2.075210325244344,5.771540223313632,0.9643597062027127,5.624736625407788,6.7328542061781995,17.775396146504395,18.239327576950586,4.765799082192394,12.582177490622275,12.91056778658202,180000
2025-12-28 14:00:00,27.12.2025,31S4S,30min,118.0,10.0,0.14,3.2541992047182218,3.0789904999999997,9.99414,1.4668962493938362,8.518007246666667,2.3034598861335933,2.1794397516456074,7.074275155935503,1.0383312314438047,6.029405936195868,7.279436302608755,19.05423954605104,22.35625447387256,5.15269301658373,13.487396958204773,15.824702836290925,180000
2025-12-28 14:30:00,27.12.2025,31S4S,30min,118.0,10.0,0.14,3.5064058496374333,3.359157,9.745107,1.5935535697107692,9.387876643333332,2.4819824205701555,2.377753454523034,6.8979990616534455,1.1279846417858095,6.6451363003640305,7.8436064997258175,21.000081968802167,21.79918351825338,5.552036552814408,14.864746555932406,15.430384443569787,180000
2025-12-28 15:00:00,27.12.2025,31S4S,30min,118.0,10.0,0.14,3.2004989809634163,3.0641385,8.332019,1.3536611641954328,7.332005156666666,2.265448595639684,2.1689268776398447,5.89775558582155,0.9581786470294072,5.189903475736581,7.15931232320019,16.40122842847767,18.63819568718681,5.067664181370082,11.609483437134429,13.192903511590782,180000
2025-12-28 15:30:00,27.12.2025,31S4S,30min,118.0,10.0,0.14,3.2438046133792997,3.08639,12.73893,1.4442883823002646,9.02053951,2.296102154576397,2.1846774308272425,9.017153653260957,1.0223284265492618,6.385119534920225,7.2561842640016465,20.178372203829614,28.496174838940554,5.136234239836243,14.283105616768562,20.17079825801035,180000
2025-12-28 16:00:00,27.12.2025,31S4S,30min,118.0,10.0,0.14,3.9098156860537556,3.7604555,13.80673,1.874283774243692,11.125373233333333,2.76753297153502,2.661809512239274,9.772987673147403,1.3266973585826471,7.875009902310738,8.746008603377218,24.886751148293936,30.884775411596245,6.1907949434838425,17.61589545076666,21.861550807863708,180000
2025-12-28 16:30:00,27.12.2025,31S4S,30min,118.0,10.0,0.14,4.19195402028605,4.051423,15.81922,2.07254045516058,13.309732,2.967242422112714,2.867768619919841,11.197513245989953,1.4670318258113004,9.421191460171636,9.377134082601211,29.77302254831779,35.3865873299928,6.637532261347331,21.074605091650916,25.04812376071479,180000
2025-12-28 17:00:00,27.12.2025,31S4S,30min,118.0,10.0,0.14,5.054357698515611,4.9697745,13.74984,2.296860432878537,12.866012633333334,3.5776882348876775,3.517816668162722,9.732718524063923,1.6258149972847988,9.10710811815147,11.30627616883412,28.780450593533732,30.75751610594127,8.003060654276291,20.37202066515627,21.771471286828724,180000
2025-12-28 17:30:00,27.12.2025,31S4S,30min,118.0,10.0,0.14,5.362897346579156,5.0626005,18.60084,2.7010574749368184,14.9268613,3.7960856524660804,3.5835228385410507,13.166461575636458,1.9119227657106481,10.565864001373317,11.996459705125156,33.39043776843232,41.60889405869717,8.491601763748381,23.635164641583092,29.452535736480947,180000
2025-12-28 18:00:00,27.12.2025,31S4S,30min,118.0,10.0,0.14,5.3032098164992165,5.0443915,13.76378,2.483618052940343,12.167546533333335,3.7538362932251985,3.57063373789663,9.742585845881884,1.7580099427013005,8.612704259641067,11.862942502906252,27.218026425674037,30.78869899785251,8.397092638746408,19.26607073112262,21.7935438571087,180000
2025-12-28 18:30:00,27.12.2025,31S4S,30min,118.0,10.0,0.14,6.038489466736944,5.902673,14.2966,2.7479091404166796,13.393530766666668,4.274298340218907,4.178161698506453,10.119738386129022,1.9450863568869157,9.480507772843666,13.50771623733209,29.96047505070386,31.980583392984933,9.561333080303557,21.207291904177826,22.637210062028032,180000
2025-12-28 19:00:00,27.12.2025,31S4S,30min,118.0,10.0,0.14,5.829770961221445,5.645379,16.97842,2.890460284255078,15.872081133333332,4.12655855088713,3.996038118891672,12.018044053118974,2.0459900880039674,11.23493059278063,13.040826237521113,35.50483431758526,37.97964387974226,9.230848583766834,25.131823981703242,26.883598901930387,180000
2025-12-28 19:30:00,27.12.2025,31S4S,30min,118.0,10.0,0.14,5.446436824923,5.2464175,16.12138,2.675742118027071,15.146253033333332,3.8552184298924193,3.713636288656678,11.41139487873849,1.8940034849671057,10.721158752951505,12.183332196051795,33.88120309890237,36.06249999999996,8.623878019623334,23.98254910735391,25.526563347213845,180000
2025-12-28 20:00:00,27.12.2025,31S4S,30min,118.0,10.0,0.14,5.876575498458055,5.788698,14.76596,2.694909697465566,13.638943966666668,4.1596887826987725,4.097485371088812,10.451971253308178,1.907571108696728,9.654221619527686,13.145525005498499,30.509448744333064,33.03051181102359,9.304958801670471,21.595878712257683,23.380393820034374,180000
2025-12-28 20:30:00,27.12.2025,31S4S,30min,118.0,10.0,0.14,5.34457543684605,5.1893139999999995,14.17429,2.5894638511187855,13.210779733333334,3.7831166295352223,3.6732160152397593,10.03316219304763,1.8329320771134578,9.351148859037021,11.955474760303426,29.55167263183008,31.706983715103757,8.462590885681859,20.917924255183006,22.443544633696355,180000
2025-12-28 21:00:00,27.12.2025,31S4S,30min,118.0,10.0,0.14,5.661083219387877,5.575639,15.38973,2.613949085760039,13.755370266666668,4.007154229838589,3.946673196109427,10.893502051757858,1.850263762191901,9.736633080802743,12.663482505788902,30.76988696015268,34.42584556191836,8.963748724585237,21.780227900865096,24.36807008714622,180000
2025-12-28 21:30:00,27.12.2025,31S4S,30min,118.0,10.0,0.14,4.872865404958594,4.8341875,14.43712,2.253419621347438,11.783893526666667,3.4492203103534846,3.421842452715687,10.219204387697147,1.5950657528507475,8.341138428707943,10.900289470648238,26.359819091505578,32.29491768074442,7.71568609152085,18.65859526822641,22.85970917076131,180000
2025-12-28 22:00:00,27.12.2025,31S4S,30min,118.0,10.0,0.14,4.394641170698022,4.325303,12.07414,2.1239372471608133,10.988492533333334,3.1107129631084147,3.061632472107985,8.546587163206349,1.5034126498483897,7.77811995126572,9.83053232529084,24.580557742782126,27.00908196134571,6.958466721341292,17.39915880293869,19.118170998582542,180000
2025-12-28 22:30:00,27.12.2025,31S4S,30min,118.0,10.0,0.14,4.856313816773801,4.7020505,14.90399,2.2910762495364163,11.85700976,3.43750439591893,3.328310293242251,10.549674727521445,1.6217207075795774,8.392893192295963,10.863264622346536,26.52337544738723,33.33927612741586,7.689478337327591,18.774367377183147,23.598950267361833,180000
2025-12-28 23:00:00,27.12.2025,31S4S,30min,118.0,10.0,0.14,5.6121900111978,5.578569,15.67753,2.5988589730175877,13.460041133333334,3.972545548351933,3.9487471740812077,11.09721906891774,1.8395823419121982,9.527586624502954,12.554111513953547,30.10925450369837,35.069635826771616,8.886331308947586,21.312604296042732,24.823772076140227,180000
2025-12-28 23:30:00,27.12.2025,31S4S,30min,118.0,10.0,0.14,5.027527240945555,4.8459625,14.71305,2.4460846385466835,12.325619233333333,3.55869650179106,3.4301772959299246,10.414519316623227,1.7314422039101192,8.724594804944777,11.246258144563237,27.57162498508706,32.91215551181099,7.960577357263458,19.51636275265025,23.296616223656084,180000
2025-12-29 00:00:00,27.12.2025,31S4S,30min,118.0,10.0,0.14,5.015629421473706,4.9200515,15.77748,2.442877517794898,14.236681333333333,3.55027472175801,3.4826206249235256,11.16796790792097,1.7291720681449165,10.077325418632391,11.219643480390348,31.846549152946757,35.293217609162454,7.9417383718638295,22.542334955781094,24.982032721727265,180000
2025-12-29 00:30:00,27.12.2025,31S4S,30min,118.0,10.0,0.14,5.466132846807578,5.380474,15.3891,2.589955924439283,12.7574419,3.869160107544406,3.80852715144644,10.89305611110181,1.8332803874299128,9.030257159341437,12.227390942214504,28.53758477988544,34.42443629205436,8.655064664335187,20.20010996631493,24.367072546308602,180000
2025-12-29 01:00:00,27.12.2025,31S4S,30min,118.0,10.0,0.14,5.128471448840945,5.11224,12.88015,2.3201531308443335,11.07522691,3.6301490832087655,3.6186597769472626,9.117115144446913,1.64230255444671,7.839514212904895,11.47206390667712,24.774577017716506,28.81207498210448,8.120412229797696,17.536493854923243,20.39440574545209,180000
2025-12-29 01:30:00,27.12.2025,31S4S,30min,118.0,10.0,0.14,5.615871289791866,5.4884495,14.85009,2.6293115036179104,12.826544433333334,3.9751513131000835,3.884956778918109,10.511522026948416,1.861137931553851,9.079170856245042,12.562346299641778,28.69216274457167,33.218705261274124,8.89216023868128,20.309526790097156,23.51360510681014,180000
2025-12-29 02:00:00,27.12.2025,31S4S,30min,118.0,10.0,0.14,5.385181883436172,5.27642,18.83639,2.6068923568055262,14.476004669999998,3.811859590538703,3.734873327598093,13.33319383203677,1.845268710859312,10.246728602379726,12.04630879437224,32.38190021027197,42.13580440229058,8.52688705829165,22.921279085495065,29.825505171878927,180000
2025-12-29 02:30:00,27.12.2025,31S4S,30min,118.0,10.0,0.14,4.196575686687833,3.846393,13.74856,2.5011554629418153,13.1417126,2.970513833140091,2.722639710856985,9.731812485905602,1.7704236635289925,9.302260219751231,9.387472455905128,29.397173854688585,30.754652827487437,6.644850199400698,20.808563483695465,21.769444537190388,180000
2025-12-29 03:00:00,27.12.2025,31S4S,30min,118.0,10.0,0.14,3.017523191312683,2.7925389999999997,11.09224,1.6959224619441728,9.281731279999999,2.1359305898018768,1.9766772598423648,7.851556797850943,1.2004456750580477,6.570002121060284,6.750007138763153,20.762641553328535,24.812634216177496,4.7779406536369775,14.696676183474134,17.563432350239207,180000
2025-12-29 03:30:00,27.12.2025,31S4S,30min,118.0,10.0,0.14,3.8530006307032663,3.4415435,14.63096,2.3313872649873746,12.327372733333334,2.727316871445461,2.4360701050937164,10.35641254129781,1.6502545499227153,8.725836006437447,8.618916944128628,27.57554745287518,32.728525411596245,6.100834089668616,19.519139241314956,23.16663506911641,180000
2025-12-29 04:00:00,27.12.2025,31S4S,30min,118.0,10.0,0.14,3.139683849784611,2.8845675,12.46759,1.9469151792337327,10.00716626,2.2224010726308827,2.0418189259775215,8.82508772054323,1.3781089401556224,7.083495693920038,7.023272749160271,22.385393387616297,27.889204545454515,4.971369614868648,15.845328592340797,19.74115900264679,180000
2025-12-29 04:30:00,27.12.2025,31S4S,30min,118.0,10.0,0.14,3.0046638421446996,2.7059705,12.18368,1.8060732688815355,8.966163753333333,2.126828198366439,1.9154004127262947,8.624124209973871,1.2784150768198033,6.346630073648701,6.721241593917091,20.056737100334026,27.25411596277735,4.757579183890561,14.197007143988667,19.291616432475532,180000
2025-12-29 05:00:00,27.12.2025,31S4S,30min,118.0,10.0,0.14,3.4325682289372943,3.2015510000000003,10.15691,1.9632649559666047,9.492719106666668,2.429717028481153,2.266193259225953,7.189490648927558,1.3896820039056248,6.719348231920533,7.6784364462627295,21.23460787998089,22.720360594130252,5.435122200432065,15.030753918934604,16.082432553971792,180000
2025-12-29 05:30:00,27.12.2025,31S4S,30min,118.0,10.0,0.14,2.8851890149914943,2.615935,10.69338,1.7631097411010166,10.264445736666666,2.0422588605855383,1.8516694763173358,7.569226813610534,1.248003674018855,7.265608993304985,6.45398401707116,22.960911186172723,23.920409806728678,4.568402963013457,16.252704441000756,16.93187816215669,180000
2025-12-29 06:00:00,27.12.2025,31S4S,30min,118.0,10.0,0.14,3.44749627204775,3.195367,11.82569,1.9182574481957453,11.00890695,2.440283729017971,2.261815962373567,8.370723740991712,1.357823785584292,7.792570139140606,7.711829527665861,24.626223492304913,26.453315139584795,5.458759236350144,17.431482952623025,18.724775726985737,180000
2025-12-29 06:30:00,27.12.2025,31S4S,30min,118.0,10.0,0.14,3.880450328009511,3.656068,12.09552,2.1901508690289626,11.215945766666668,2.746746928628122,2.5879196229801464,8.561720831819546,1.5502814529836626,7.939120973635549,8.680320168238875,25.08935613517058,27.056907659269836,6.144297889737202,17.759307832935622,19.152024051135328,180000
2025-12-29 07:00:00,27.12.2025,31S4S,30min,118.0,10.0,0.14,3.576544656850161,3.172809,14.63738,2.37124850910801,13.731941799999998,2.5316296359715755,2.24584845551779,10.360956888935638,1.6784700250878912,9.720049420809818,8.000502543061375,30.717478972798816,32.74288654259123,5.663094210745286,21.743131309971833,23.176800485271176,180000
2025-12-29 07:30:00,27.12.2025,31S4S,30min,118.0,10.0,0.14,4.381864936027167,4.2080185,12.29497,2.2670213729303854,10.58132263,3.1016694036307175,2.978613540561467,8.702899980785974,1.6046936481274248,7.4899078658440965,9.8019527022798,23.66974460898351,27.503064602720084,6.938236854936279,16.754446729250375,19.467832813139683,180000
2025-12-29 08:00:00,27.12.2025,31S4S,30min,118.0,10.0,0.14,2.573115493702911,2.420195,8.465733,1.3994779980752385,7.03357299,1.8213600180160794,1.7131164223254152,5.992404012619729,0.9906097406142013,4.978660561150433,5.755895431511516,15.733654684144577,18.93730538654257,4.074266325197024,11.136946495057328,13.404626012481483,180000
2025-12-29 08:30:00,27.12.2025,31S4S,30min,118.0,10.0,0.14,2.9390076872534947,2.627293,12.62387,1.9009886626346577,10.08628575,2.0803539939445375,1.8597091492878082,8.935709316935677,1.3456002085013234,7.139499816581646,6.57437295824421,22.56237864620613,28.238792949176776,4.653619349374855,15.970606246827215,19.988612466302047,180000
2025-12-29 09:00:00,27.12.2025,31S4S,30min,118.0,10.0,0.14,2.774455176813539,2.553918,8.892537,1.6332288260006576,8.15348685,1.963876764642947,1.8077712197043956,6.294513942403972,1.1560684668950165,5.771382976144203,6.206279475692412,18.23883064155331,19.89203874373656,4.393067207952185,12.9102160346819,14.080426678605862,180000
2025-12-29 09:30:00,27.12.2025,31S4S,30min,118.0,10.0,0.14,5.2524586641932,5.0360195,14.90338,2.718052507156362,13.645411666666668,3.7179124802814583,3.564707682067365,10.54924294371162,1.9239525685956427,9.658799731243755,11.749415408449343,30.523916577189183,33.3379115962777,8.316733357823582,21.60611965650444,23.597984394487312,180000
2025-12-29 10:00:00,27.12.2025,31S4S,30min,118.0,10.0,0.14,5.316203233429689,5.2080614999999995,14.14744,2.5361614156978622,12.693722233333334,3.763033583495492,3.686486288968754,10.014156626992234,1.7952023580331675,8.98515368321998,11.892007948795818,28.395047945001163,31.646921975662096,8.417666391140587,20.099216363681037,22.401030393236002,180000
2025-12-29 10:30:00,27.12.2025,31S4S,30min,118.0,10.0,0.14,3.963400203349561,3.6053245,11.74501,2.2837718469284605,10.423583056666667,2.8054623601015716,2.5520012266623833,8.313615023325074,1.616550342355715,7.378253121690036,8.86587375480842,23.316891232701,26.272839119541846,6.275640569303794,16.50468217987211,18.597027163844544,180000
2025-12-29 11:00:00,27.12.2025,31S4S,30min,118.0,10.0,0.14,2.8939325374112057,2.7096605,8.968971,1.5580775212480944,8.042894483333335,2.0484478957030303,1.918012350854578,6.348617161617308,1.1028731936501754,5.69310101972313,6.473542719692203,17.99144256293246,20.06301673228344,4.582247440280574,12.735104285350582,14.20145213318115,180000
2025-12-29 11:30:00,27.12.2025,31S4S,30min,118.0,10.0,0.14,5.349070544102878,5.2291165,13.62134,2.435864427476627,12.4641166,3.786298456644933,3.701389908830816,9.641760787076278,1.724207906085462,8.822629101059551,11.965530028862903,27.881434770937695,30.47006979241228,8.469708430218613,19.735659227495393,21.56800462391792,180000
2025-12-29 12:00:00,27.12.2025,31S4S,30min,118.0,10.0,0.14,5.7757280971656115,5.793427,12.99215,2.5200808291668104,11.558855366666666,4.0883047250906355,4.100832757378419,9.196393483299959,1.7838198384977706,8.181846897428068,12.919935793588058,25.856423064304433,29.062611846814573,9.14527721253273,18.30227026088954,20.571746338806257,180000
2025-12-29 12:30:00,27.12.2025,31S4S,30min,118.0,10.0,0.14,3.96155584286205,3.676521,14.03798,2.2866763271246673,11.511916483333334,2.804156843711428,2.602397121770873,9.936676207609606,1.6186062563305976,8.148621569764822,8.861748037898277,25.751423772667593,31.40206692913382,6.272720212310811,18.227947319624224,22.227711631195408,180000
2025-12-29 13:00:00,27.12.2025,31S4S,30min,118.0,10.0,0.14,4.746556631277989,4.625904,13.51796,2.432020062550847,12.399669533333332,3.359813616068095,3.2744105786933813,9.568584048945672,1.7214867019313482,8.777010740440936,10.617744790797207,27.737270788594575,30.238815318539697,7.51568901232125,19.63361386104359,21.404312922659408,180000
2025-12-29 13:30:00,27.12.2025,31S4S,30min,118.0,10.0,0.14,5.887842583771094,5.7324945,14.58869,2.913424963755343,12.807028,4.167664102407105,4.0577021557519615,10.326492046803898,2.0622454598171247,9.065356298968231,13.170728757540907,28.648505726556877,32.6339701145311,9.322799083766778,20.278624505565993,23.09970482910676,180000
2025-12-29 14:00:00,27.12.2025,31S4S,30min,118.0,10.0,0.14,4.333106414707444,4.045823,12.36681,2.2302988253415954,11.08251628,3.06715605920966,2.8638047029771894,8.753751372421712,1.5786998751694676,7.844673937412799,9.692882996392806,24.790882874015722,27.66376610594127,6.861032702240642,17.548035829931976,19.58158413659114,180000
2025-12-29 14:30:00,27.12.2025,31S4S,30min,118.0,10.0,0.14,4.925401466243455,4.7654025,14.3296,2.358360091435107,11.875196676666667,3.4864075573940703,3.3731535193406277,10.143097182398224,1.6693470577347482,8.405766661422678,11.017809292777939,26.564058421319466,32.054402290622726,7.798871594027529,18.803164507477337,22.689462201141314,180000
2025-12-29 15:00:00,27.12.2025,31S4S,30min,118.0,10.0,0.14,4.925183208563917,4.647423,14.52041,2.584201628788134,12.966772133333334,3.4862530653737513,3.2896426373878334,10.278160573795988,1.829207253496945,9.178429955505607,11.01732106425356,29.005843175852988,32.48123210450963,7.798526005220444,20.53156307154974,22.99159040308692,180000
2025-12-29 15:30:00,27.12.2025,31S4S,30min,118.0,10.0,0.14,4.972032726111372,4.913653500000001,14.47973,2.5974840905895635,12.874922333333332,3.5194151361525807,3.478091849816546,10.249365548576865,1.8386091419567339,9.113414780791459,11.122120450320702,28.800381024815046,32.390233536148855,7.872707444865284,20.386128267697405,22.927177766143643,180000
2025-12-29 16:00:00,27.12.2025,31S4S,30min,118.0,10.0,0.14,4.809427592647811,4.6701565,12.81837,2.5257746485488983,12.3554353,3.4043163426707155,3.305734370569224,9.073384646461724,1.7878501647686742,8.745699878484643,10.758383126001712,27.63832162670004,28.673877057981358,7.615238776554026,19.563573457598054,20.29658340743941,180000
2025-12-29 16:30:00,27.12.2025,31S4S,30min,118.0,10.0,0.14,4.548347490683378,4.3663665,12.35095,2.2207181084496748,11.040702466666666,3.219512799891037,3.09069895485345,8.742524993366272,1.5719182383818535,7.815076351143352,10.174363570784209,24.697348037461197,27.628288296349286,7.201845024809935,17.48182791504864,19.556471441853667,180000
2025-12-29 17:00:00,27.12.2025,31S4S,30min,118.0,10.0,0.14,4.726624417418261,4.554856,11.98753,2.0809431317247595,11.061164333333332,3.3457047517425336,3.2241197981681027,8.485280940634363,1.4729795958106537,7.829560126135904,10.573157698233393,24.74311992961104,26.815340909090878,7.484128381671729,17.51422719697543,18.9810328843825,180000
2025-12-29 17:30:00,27.12.2025,31S4S,30min,118.0,10.0,0.14,3.0825515248090003,2.6820779999999997,11.55081,1.9189219187976145,8.22720542,2.1819603956766076,1.8984882903062374,8.176152046492382,1.3582941259908357,5.823564099110471,6.895471377972881,18.403734386184663,25.838426091624882,4.880906396914382,13.026941882405298,18.28953124215366,180000
2025-12-29 18:00:00,27.12.2025,31S4S,30min,118.0,10.0,0.14,2.8561883270225112,2.580583,9.988503,1.7026042799594197,8.387707106666667,2.0217309465875344,1.826645834932221,7.070285048827337,1.2051753485648968,5.937173983950161,6.389111325658796,18.762766434025274,22.343644863994246,4.522483327191151,13.281079956939323,15.815777220891484,180000
2025-12-29 18:30:00,27.12.2025,31S4S,30min,118.0,10.0,0.14,2.9378271805885947,2.593943,11.3142,1.892594177846457,9.364607383333334,2.079518381378482,1.8361026082096914,8.008669477242211,1.3396582369876118,6.628665333586,6.571732240042483,20.948030116618924,25.30914459556189,4.651750137299748,14.82790205258141,17.91488340471144,180000
2025-12-29 19:00:00,27.12.2025,31S4S,30min,118.0,10.0,0.14,3.6920517638627337,3.600735,9.761628,1.9348944781598798,9.229983686666666,2.613390453557984,2.548752584375186,6.909693324476581,1.3696001793254073,6.533372984996806,8.25888458272801,20.64688548377473,21.836139942734405,5.845987950872363,14.61473913966714,15.45654376448768,180000
2025-12-29 19:30:00,27.12.2025,31S4S,30min,118.0,10.0,0.14,4.1733071448260946,4.1345790000000004,10.26032,1.8944055946006646,9.275424463333334,2.9540433746907055,2.926629955148983,7.2626886223275005,1.3409404344094344,6.565537889374713,9.335422210151417,20.748533606239537,22.951682176091598,6.608006833148493,14.68668998160054,16.246171757174956,180000
2025-12-29 20:00:00,27.12.2025,31S4S,30min,118.0,10.0,0.14,2.7251643422342835,2.584755,8.830547,1.6264887880393575,8.092246366666666,1.928986626373986,1.829598953054497,6.250634797533433,1.1512975828469956,5.728034370883272,6.096019018956426,18.10183958184202,19.7533710629921,4.31502019142355,12.813247966363782,13.982271826980641,180000
2025-12-29 20:30:00,27.12.2025,31S4S,30min,118.0,10.0,0.14,2.3386126103880445,2.099327,9.654284,1.3764777250818223,7.20334489,1.6553689551102564,1.485992475619174,6.833710699424426,0.9743291742205887,5.098832295221196,5.231327421233093,16.11342360862561,21.59601825340012,3.702954892426303,11.405763008279326,15.286575472942955,180000
2025-12-29 21:00:00,27.12.2025,31S4S,30min,118.0,10.0,0.14,2.344333286594511,2.1325845,8.433653,1.388745340634453,7.361727563333332,1.6594182917777993,1.5095335412835058,5.96969643127682,0.9830127115661276,5.21094225276558,5.24412420945443,16.467715558637536,18.865544470293464,3.7120130005766767,11.656545841011038,13.353830599670754,180000
2025-12-29 21:30:00,27.12.2025,31S4S,30min,118.0,10.0,0.14,2.485583319734772,2.1714685,8.338194,1.5642014433342275,7.418272729999999,1.75940104169117,1.5370572817117363,5.902126512093134,1.1072079648131585,5.250967314225419,5.560091534839767,16.59420349409447,18.652008768790242,3.9356680424372943,11.74607935358226,13.202680995197584,180000
2025-12-29 22:00:00,27.12.2025,31S4S,30min,118.0,10.0,0.14,2.347183722443422,1.9822190000000002,8.37133,1.5966963825322174,7.545026200000001,1.6614359508769854,1.4030984782405809,5.925581574916657,1.1302092576769742,5.3406887833813075,5.250500452853032,16.8777429312813,18.72613188976376,3.7165263754406395,11.946780564113505,13.255148476459937,180000
2025-12-29 22:30:00,27.12.2025,31S4S,30min,118.0,10.0,0.14,2.3043517349982445,2.034223,8.48524,1.4658749434986764,7.316593693333332,1.6311176578910194,1.4399091097915964,6.00621189258407,1.0376083079185447,5.178994589911926,5.154688025676096,16.36675396683367,18.980941302791674,3.648706285547194,11.585080954527381,13.435513360290049,180000
2025-12-29 23:00:00,27.12.2025,31S4S,30min,118.0,10.0,0.14,2.7243255247473668,2.545203,7.934568,1.470293957431733,6.99805577,1.928392875865382,1.801602373962393,5.616422951397604,1.0407362729540912,4.953519970058664,6.094142637677532,15.654204925733698,17.749123120973493,4.313692009362429,11.080708594440448,12.563580331508586,180000
2025-12-29 23:30:00,27.12.2025,31S4S,30min,118.0,10.0,0.14,2.6289630736385,2.4792545,7.642571,1.4917783470821135,7.0900909966666665,1.8608912980719379,1.7549212353030175,5.409735120057669,1.055943832978678,5.0186663976131,5.880822909892844,15.860081864411818,17.09594443450249,4.162695280225339,11.226437002534661,12.101232820458266,180000
2025-12-30 00:00:00,27.12.2025,31S4S,30min,118.0,10.0,0.14,2.391885927153022,2.165711,9.244557,1.4654252281674376,8.162561316666666,1.6930780627738236,1.532981879605072,6.543688592788339,1.037289980379104,5.777806267602333,5.350496436902782,18.25912964537101,20.67948505726555,3.787307763899923,12.924584528459034,14.63781449711062,180000
2025-12-30 00:30:00,27.12.2025,31S4S,30min,118.0,10.0,0.14,2.265409612411289,2.103944,6.398689,1.2004561489119838,6.064944549999999,1.603552775836506,1.4892605835699284,4.529262810332634,0.8497336549255922,4.2930243674984965,5.0675769783717035,13.566894573192538,14.313459645669276,3.587045400493254,9.603222010331272,10.131672356685373,180000
2025-12-30 01:00:00,27.12.2025,31S4S,30min,118.0,10.0,0.14,2.3035148127238734,2.107097,6.451499,1.393425096554299,5.748381713333333,1.630525248894044,1.4914924103771041,4.5666439627864674,0.9863252408122266,4.068947797556164,5.152815883866927,12.858763675137183,14.431592251252669,3.64738110436212,9.101976998828201,10.215291613248171,67125
